x-axis,3,4
second,Volt,Volt
-13.500000E-03,+3.296482377E+00,+1.017587945E+00
-13.492500E-03,+3.252097317E+00,+1.026592182E+00
-13.485000E-03,+3.296482377E+00,+1.017587945E+00
-13.477500E-03,+3.243729208E+00,+1.017587945E+00
-13.470000E-03,+3.296482377E+00,+1.001671497E+00
-13.462500E-03,+3.296482377E+00,+1.017587945E+00
-13.455000E-03,+3.296482377E+00,+1.017587945E+00
-13.447500E-03,+3.226992989E+00,+1.034960292E+00
-13.440000E-03,+3.263009939E+00,+1.017587945E+00
-13.432500E-03,+3.296482377E+00,+1.037688447E+00
-13.425000E-03,+3.296482377E+00,+1.017587945E+00
-13.417500E-03,+3.296482377E+00,+1.019043844E+00
-13.410000E-03,+3.296482377E+00,+1.030140109E+00
-13.402500E-03,+3.296482377E+00,+1.034140520E+00
-13.395000E-03,+3.274657134E+00,+1.012131634E+00
-13.387500E-03,+3.296482377E+00,+1.037688447E+00
-13.380000E-03,+3.283025244E+00,+1.037688447E+00
-13.372500E-03,+3.247008294E+00,+1.012951406E+00
-13.365000E-03,+3.296482377E+00,+1.036416191E+00
-13.357500E-03,+3.296482377E+00,+1.017587945E+00
-13.350000E-03,+3.293203290E+00,+1.036868676E+00
-13.342500E-03,+3.263744513E+00,+1.017587945E+00
-13.335000E-03,+3.296482377E+00,+1.017587945E+00
-13.327500E-03,+3.296482377E+00,+1.017587945E+00
-13.320000E-03,+3.236095673E+00,+1.017587945E+00
-13.312500E-03,+3.232082012E+00,+1.033688036E+00
-13.305000E-03,+3.268098962E+00,+1.011679150E+00
-13.297500E-03,+3.296482377E+00,+1.017587945E+00
-13.290000E-03,+3.259730852E+00,+1.017587945E+00
-13.282500E-03,+3.296482377E+00,+1.017587945E+00
-13.275000E-03,+3.296482377E+00,+1.020047260E+00
-13.267500E-03,+3.296482377E+00,+1.017587945E+00
-13.260000E-03,+3.242994633E+00,+1.017587945E+00
-13.252500E-03,+3.233551161E+00,+1.021955643E+00
-13.245000E-03,+3.216080368E+00,+1.017587945E+00
-13.237500E-03,+3.296482377E+00,+1.017587945E+00
-13.230000E-03,+3.296482377E+00,+1.020132456E+00
-13.222500E-03,+3.296482377E+00,+1.006039196E+00
-13.215000E-03,+3.296482377E+00,+1.017587945E+00
-13.207500E-03,+3.296482377E+00,+1.017587945E+00
-13.200000E-03,+3.296482377E+00,+1.017587945E+00
-13.192500E-03,+3.245539145E+00,+1.030323753E+00
-13.185000E-03,+3.231006650E+00,+1.017587945E+00
-13.177500E-03,+3.296482377E+00,+1.022860612E+00
-13.170000E-03,+3.273187985E+00,+1.023411543E+00
-13.162500E-03,+3.296482377E+00,+1.017587945E+00
-13.155000E-03,+3.264819876E+00,+1.017587945E+00
-13.147500E-03,+3.296482377E+00,+998.576055E-03
-13.140000E-03,+3.296482377E+00,+1.017587945E+00
-13.132500E-03,+3.296482377E+00,+1.017587945E+00
-13.125000E-03,+3.296482377E+00,+1.017587945E+00
-13.117500E-03,+3.296482377E+00,+1.031497562E+00
-13.110000E-03,+3.272847197E+00,+1.011679150E+00
-13.102500E-03,+3.296482377E+00,+1.022775415E+00
-13.095000E-03,+3.296482377E+00,+1.021404712E+00
-13.087500E-03,+3.296482377E+00,+1.017587945E+00
-13.080000E-03,+3.296482377E+00,+1.017587945E+00
-13.072500E-03,+3.296482377E+00,+1.008216420E+00
-13.065000E-03,+3.296482377E+00,+1.017587945E+00
-13.057500E-03,+3.296482377E+00,+1.017587945E+00
-13.050000E-03,+3.296482377E+00,+1.035229132E+00
-13.042500E-03,+3.270302686E+00,+1.017587945E+00
-13.035000E-03,+3.296482377E+00,+1.022139287E+00
-13.027500E-03,+3.296482377E+00,+1.013135050E+00
-13.020000E-03,+3.296482377E+00,+997.487443E-03
-13.012500E-03,+3.296482377E+00,+1.017587945E+00
-13.005000E-03,+3.251021955E+00,+1.026323342E+00
-12.997500E-03,+3.295407014E+00,+1.017856785E+00
-12.990000E-03,+3.253172680E+00,+1.008314867E+00
-12.982500E-03,+3.223373115E+00,+1.019411132E+00
-12.975000E-03,+3.296482377E+00,+1.024768996E+00
-12.967500E-03,+3.280821520E+00,+1.017587945E+00
-12.960000E-03,+3.296482377E+00,+1.017587945E+00
-12.952500E-03,+3.240109334E+00,+1.037688447E+00
-12.945000E-03,+3.296482377E+00,+1.034691451E+00
-12.937500E-03,+3.296482377E+00,+1.017587945E+00
-12.930000E-03,+3.296482377E+00,+1.017587945E+00
-12.922500E-03,+3.296482377E+00,+1.007678739E+00
-12.915000E-03,+3.296482377E+00,+1.018775004E+00
-12.907500E-03,+3.296482377E+00,+1.009770766E+00
-12.900000E-03,+3.229196713E+00,+1.017587945E+00
-12.892500E-03,+3.238980972E+00,+1.017587945E+00
-12.885000E-03,+3.296482377E+00,+1.022959059E+00
-12.877500E-03,+3.230612863E+00,+1.021221069E+00
-12.870000E-03,+3.266629813E+00,+1.017587945E+00
-12.862500E-03,+3.296482377E+00,+999.028539E-03
-12.855000E-03,+3.296482377E+00,+1.017587945E+00
-12.847500E-03,+3.296482377E+00,+1.017037014E+00
-12.840000E-03,+3.249893593E+00,+1.017587945E+00
-12.832500E-03,+3.296482377E+00,+1.017587945E+00
-12.825000E-03,+3.271037260E+00,+1.017587945E+00
-12.817500E-03,+3.235020311E+00,+1.012852959E+00
-12.810000E-03,+3.233157374E+00,+1.017587945E+00
-12.802500E-03,+3.296482377E+00,+1.017587945E+00
-12.795000E-03,+3.296482377E+00,+1.017587945E+00
-12.787500E-03,+3.296482377E+00,+1.017587945E+00
-12.780000E-03,+3.296482377E+00,+1.017587945E+00
-12.772500E-03,+3.296482377E+00,+1.037688447E+00
-12.765000E-03,+3.296482377E+00,+1.017587945E+00
-12.757500E-03,+3.296482377E+00,+1.024585352E+00
-12.750000E-03,+3.296482377E+00,+1.017587945E+00
-12.742500E-03,+3.296482377E+00,+1.037688447E+00
-12.735000E-03,+3.296482377E+00,+1.017587945E+00
-12.727500E-03,+3.285228968E+00,+1.017587945E+00
-12.720000E-03,+3.296482377E+00,+1.029405535E+00
-12.712500E-03,+3.296482377E+00,+1.017587945E+00
-12.705000E-03,+3.296482377E+00,+1.007213005E+00
-12.697500E-03,+3.296482377E+00,+1.018958647E+00
-12.690000E-03,+3.296482377E+00,+1.030054912E+00
-12.682500E-03,+3.296482377E+00,+1.021050675E+00
-12.675000E-03,+3.296482377E+00,+1.017587945E+00
-12.667500E-03,+3.296482377E+00,+1.017587945E+00
-12.660000E-03,+3.282684456E+00,+1.037688447E+00
-12.652500E-03,+3.296482377E+00,+1.030041662E+00
-12.645000E-03,+3.291052566E+00,+998.844895E-03
-12.637500E-03,+3.296482377E+00,+1.027949635E+00
-12.630000E-03,+3.296482377E+00,+1.018322520E+00
-12.622500E-03,+3.296482377E+00,+1.025857608E+00
-12.615000E-03,+3.296482377E+00,+1.014761343E+00
-12.607500E-03,+3.296482377E+00,+1.017587945E+00
-12.600000E-03,+3.276807859E+00,+1.017587945E+00
-12.592500E-03,+3.296482377E+00,+1.033602839E+00
-12.585000E-03,+3.296482377E+00,+1.024598602E+00
-12.577500E-03,+3.288508054E+00,+1.015594364E+00
-12.570000E-03,+3.296482377E+00,+1.017587945E+00
-12.562500E-03,+3.216474155E+00,+1.037688447E+00
-12.555000E-03,+3.260859214E+00,+1.026493736E+00
-12.547500E-03,+3.216080368E+00,+1.017587945E+00
-12.540000E-03,+3.296482377E+00,+1.010774182E+00
-12.532500E-03,+3.233210374E+00,+1.033405946E+00
-12.525000E-03,+3.296482377E+00,+1.012866209E+00
-12.517500E-03,+3.270984261E+00,+1.031313918E+00
-12.510000E-03,+3.296482377E+00,+1.035058739E+00
-12.502500E-03,+3.296482377E+00,+1.029221891E+00
-12.495000E-03,+3.296482377E+00,+998.025124E-03
-12.487500E-03,+3.254248042E+00,+1.017587945E+00
-12.480000E-03,+3.296482377E+00,+1.033025408E+00
-12.472500E-03,+3.296482377E+00,+1.017587945E+00
-12.465000E-03,+3.230665862E+00,+1.017587945E+00
-12.457500E-03,+3.275050921E+00,+1.017587945E+00
-12.450000E-03,+3.353930782E+00,+1.017587945E+00
-12.442500E-03,+3.229143713E+00,+983.918613E-03
-12.435000E-03,+3.265160663E+00,+1.017587945E+00
-12.427500E-03,+3.220775604E+00,+1.036514638E+00
-12.420000E-03,+3.255770191E+00,+1.017587945E+00
-12.412500E-03,+3.296482377E+00,+1.016669727E+00
-12.405000E-03,+3.216080368E+00,+1.017587945E+00
-12.397500E-03,+3.296482377E+00,+1.017587945E+00
-12.390000E-03,+3.240056335E+00,+1.023581937E+00
-12.382500E-03,+3.296482377E+00,+1.022690218E+00
-12.375000E-03,+3.296482377E+00,+1.001389407E+00
-12.367500E-03,+3.244857569E+00,+1.004681743E+00
-12.360000E-03,+3.296482377E+00,+1.015778008E+00
-12.352500E-03,+3.253225679E+00,+997.487443E-03
-12.345000E-03,+3.295354015E+00,+1.017587945E+00
-12.337500E-03,+3.296482377E+00,+1.008865798E+00
-12.330000E-03,+3.296482377E+00,+1.035314329E+00
-12.322500E-03,+3.350363907E+00,+1.017587945E+00
-12.315000E-03,+3.278617796E+00,+1.017587945E+00
-12.307500E-03,+3.278330008E+00,+1.017587945E+00
-12.300000E-03,+3.242313058E+00,+1.004045615E+00
-12.292500E-03,+3.296482377E+00,+1.020034010E+00
-12.285000E-03,+3.296482377E+00,+1.017587945E+00
-12.277500E-03,+3.296482377E+00,+1.017587945E+00
-12.270000E-03,+3.253513467E+00,+1.017587945E+00
-12.262500E-03,+3.223032327E+00,+1.034212467E+00
-12.255000E-03,+3.296482377E+00,+1.017587945E+00
-12.247500E-03,+3.296482377E+00,+1.021417962E+00
-12.240000E-03,+3.296482377E+00,+1.027340007E+00
-12.232500E-03,+3.296482377E+00,+1.003409487E+00
-12.225000E-03,+3.228409139E+00,+1.020670138E+00
-12.217500E-03,+3.296482377E+00,+1.017587945E+00
-12.210000E-03,+3.296482377E+00,+1.017587945E+00
-12.202500E-03,+3.256504765E+00,+1.017587945E+00
-12.195000E-03,+3.220487816E+00,+1.017587945E+00
-12.187500E-03,+3.296482377E+00,+1.041984199E+00
-12.180000E-03,+3.296482377E+00,+1.017587945E+00
-12.172500E-03,+3.273240984E+00,+1.017587945E+00
-12.165000E-03,+3.237224035E+00,+1.032402530E+00
-12.157500E-03,+3.296482377E+00,+1.017587945E+00
-12.150000E-03,+3.245592144E+00,+1.017587945E+00
-12.142500E-03,+3.289977204E+00,+1.036062154E+00
-12.135000E-03,+3.296482377E+00,+1.017587945E+00
-12.127500E-03,+3.294619440E+00,+1.018053679E+00
-12.120000E-03,+3.296482377E+00,+1.026126448E+00
-12.112500E-03,+3.286251331E+00,+1.017587945E+00
-12.105000E-03,+3.270696473E+00,+1.017587945E+00
-12.097500E-03,+3.296482377E+00,+1.017587945E+00
-12.090000E-03,+3.279064582E+00,+1.017587945E+00
-12.082500E-03,+3.296482377E+00,+1.017587945E+00
-12.075000E-03,+3.296482377E+00,+1.017587945E+00
-12.067500E-03,+3.296482377E+00,+1.017587945E+00
-12.060000E-03,+3.296482377E+00,+1.017587945E+00
-12.052500E-03,+3.296482377E+00,+1.017587945E+00
-12.045000E-03,+3.296482377E+00,+999.409076E-03
-12.037500E-03,+3.296482377E+00,+1.017587945E+00
-12.030000E-03,+3.296482377E+00,+1.029661125E+00
-12.022500E-03,+3.296482377E+00,+1.012597368E+00
-12.015000E-03,+3.272059623E+00,+1.037688447E+00
-12.007500E-03,+3.296482377E+00,+1.017587945E+00
-12.000000E-03,+3.296482377E+00,+1.017587945E+00
-11.992500E-03,+3.296482377E+00,+1.018394467E+00
-11.985000E-03,+3.296482377E+00,+1.037688447E+00
-11.977500E-03,+3.296482377E+00,+1.055217938E+00
-11.970000E-03,+3.296482377E+00,+1.025306677E+00
-11.962500E-03,+3.296482377E+00,+1.034310914E+00
-11.955000E-03,+3.296482377E+00,+1.017587945E+00
-11.947500E-03,+3.237958609E+00,+1.017587945E+00
-11.940000E-03,+3.296482377E+00,+1.017587945E+00
-11.932500E-03,+3.246326719E+00,+1.017587945E+00
-11.925000E-03,+3.290711778E+00,+1.017587945E+00
-11.917500E-03,+3.296482377E+00,+1.028034832E+00
-11.910000E-03,+3.293884866E+00,+1.017587945E+00
-11.902500E-03,+3.296482377E+00,+1.025942805E+00
-11.895000E-03,+3.227045988E+00,+1.017587945E+00
-11.887500E-03,+3.241131697E+00,+1.031425615E+00
-11.880000E-03,+3.296482377E+00,+1.017587945E+00
-11.872500E-03,+3.232763587E+00,+1.033517642E+00
-11.865000E-03,+3.296482377E+00,+1.004412902E+00
-11.857500E-03,+3.288167267E+00,+1.017587945E+00
-11.850000E-03,+3.296482377E+00,+1.017587945E+00
-11.842500E-03,+3.296482377E+00,+1.017587945E+00
-11.835000E-03,+3.296482377E+00,+1.008596957E+00
-11.827500E-03,+3.224501476E+00,+1.017587945E+00
-11.820000E-03,+3.296482377E+00,+1.017587945E+00
-11.812500E-03,+3.296482377E+00,+1.017587945E+00
-11.805000E-03,+3.277254645E+00,+1.017587945E+00
-11.797500E-03,+3.296482377E+00,+1.031399115E+00
-11.790000E-03,+3.296482377E+00,+1.034973542E+00
-11.782500E-03,+3.249605805E+00,+1.017587945E+00
-11.775000E-03,+3.296482377E+00,+1.037688447E+00
-11.767500E-03,+3.254588830E+00,+1.017587945E+00
-11.760000E-03,+3.296482377E+00,+1.017587945E+00
-11.752500E-03,+3.296482377E+00,+1.017587945E+00
-11.745000E-03,+3.282237670E+00,+1.034127270E+00
-11.737500E-03,+3.296482377E+00,+1.032245386E+00
-11.730000E-03,+3.216080368E+00,+1.023241149E+00
-11.722500E-03,+3.296482377E+00,+1.017587945E+00
-11.715000E-03,+3.247061293E+00,+1.017587945E+00
-11.707500E-03,+3.221116391E+00,+1.017587945E+00
-11.700000E-03,+3.255429403E+00,+1.017587945E+00
-11.692500E-03,+3.219412453E+00,+1.018420966E+00
-11.685000E-03,+3.296482377E+00,+1.017587945E+00
-11.677500E-03,+3.296482377E+00,+1.034763398E+00
-11.670000E-03,+3.296482377E+00,+1.017587945E+00
-11.662500E-03,+3.296482377E+00,+1.017587945E+00
-11.655000E-03,+3.296482377E+00,+1.033701286E+00
-11.647500E-03,+3.296482377E+00,+1.017587945E+00
-11.640000E-03,+3.223660903E+00,+1.019483079E+00
-11.632500E-03,+3.296482377E+00,+1.019286185E+00
-11.625000E-03,+3.296482377E+00,+1.017587945E+00
-11.617500E-03,+3.296482377E+00,+1.017587945E+00
-11.610000E-03,+3.287326693E+00,+1.015299024E+00
-11.602500E-03,+3.269621110E+00,+1.024303261E+00
-11.595000E-03,+3.278958584E+00,+1.017587945E+00
-11.587500E-03,+3.277989220E+00,+1.022211234E+00
-11.580000E-03,+3.296482377E+00,+1.017587945E+00
-11.572500E-03,+3.296482377E+00,+1.020119207E+00
-11.565000E-03,+3.250340380E+00,+1.017587945E+00
-11.557500E-03,+3.296482377E+00,+997.926677E-03
-11.550000E-03,+3.296482377E+00,+1.018801503E+00
-11.542500E-03,+3.296482377E+00,+1.017587945E+00
-11.535000E-03,+3.296482377E+00,+1.017587945E+00
-11.527500E-03,+3.296482377E+00,+1.017587945E+00
-11.520000E-03,+3.296482377E+00,+1.017587945E+00
-11.512500E-03,+3.296482377E+00,+1.017587945E+00
-11.505000E-03,+3.296482377E+00,+1.020755335E+00
-11.497500E-03,+3.296482377E+00,+1.005416318E+00
-11.490000E-03,+3.300783826E+00,+1.017587945E+00
-11.482500E-03,+3.296482377E+00,+1.017587945E+00
-11.475000E-03,+3.296482377E+00,+1.036671782E+00
-11.467500E-03,+3.296482377E+00,+1.017587945E+00
-11.460000E-03,+3.296482377E+00,+1.014479252E+00
-11.452500E-03,+3.296482377E+00,+1.017587945E+00
-11.445000E-03,+3.296482377E+00,+1.022788665E+00
-11.437500E-03,+3.281268306E+00,+1.037688447E+00
-11.430000E-03,+3.267311388E+00,+1.010295198E+00
-11.422500E-03,+3.296482377E+00,+1.017587945E+00
-11.415000E-03,+3.296482377E+00,+1.049735128E+00
-11.407500E-03,+3.296482377E+00,+1.037307910E+00
-11.400000E-03,+3.261987576E+00,+1.026211645E+00
-11.392500E-03,+3.296482377E+00,+1.017587945E+00
-11.385000E-03,+3.296482377E+00,+1.017587945E+00
-11.377500E-03,+3.296482377E+00,+1.017587945E+00
-11.370000E-03,+3.296482377E+00,+1.033248802E+00
-11.362500E-03,+3.242706845E+00,+1.017587945E+00
-11.355000E-03,+3.296482377E+00,+1.017587945E+00
-11.347500E-03,+3.296482377E+00,+1.028939800E+00
-11.340000E-03,+3.296482377E+00,+1.017587945E+00
-11.332500E-03,+3.216080368E+00,+1.017587945E+00
-11.325000E-03,+3.296482377E+00,+1.017587945E+00
-11.317500E-03,+3.296482377E+00,+1.017587945E+00
-11.310000E-03,+3.296482377E+00,+1.001415907E+00
-11.302500E-03,+3.236383461E+00,+1.017587945E+00
-11.295000E-03,+3.240162333E+00,+997.487443E-03
-11.287500E-03,+3.296482377E+00,+1.000471189E+00
-11.280000E-03,+3.296482377E+00,+1.005599961E+00
-11.272500E-03,+3.219647242E+00,+1.017587945E+00
-11.265000E-03,+3.255664192E+00,+1.017587945E+00
-11.257500E-03,+3.291681142E+00,+999.888060E-03
-11.250000E-03,+3.247296082E+00,+1.005291371E+00
-11.242500E-03,+3.216080368E+00,+1.017587945E+00
-11.235000E-03,+3.296482377E+00,+1.017587945E+00
-11.227500E-03,+3.237617822E+00,+1.017587945E+00
-11.220000E-03,+3.296482377E+00,+1.017587945E+00
-11.212500E-03,+3.296482377E+00,+1.012440224E+00
-11.205000E-03,+3.302593763E+00,+1.019115791E+00
-11.197500E-03,+3.296482377E+00,+1.027156363E+00
-11.190000E-03,+3.294225653E+00,+998.051623E-03
-11.182500E-03,+3.249840594E+00,+1.017587945E+00
-11.175000E-03,+3.285857544E+00,+1.017587945E+00
-11.167500E-03,+3.296482377E+00,+1.017587945E+00
-11.160000E-03,+3.235073310E+00,+1.032940212E+00
-11.152500E-03,+3.296482377E+00,+1.017587945E+00
-11.145000E-03,+3.296482377E+00,+1.017587945E+00
-11.137500E-03,+3.296482377E+00,+1.035524473E+00
-11.130000E-03,+3.216080368E+00,+1.028756157E+00
-11.122500E-03,+3.296482377E+00,+1.037616500E+00
-11.115000E-03,+3.296482377E+00,+1.017587945E+00
-11.107500E-03,+3.288402056E+00,+999.507523E-03
-11.100000E-03,+3.296482377E+00,+1.004471600E+00
-11.092500E-03,+3.216080368E+00,+1.033576339E+00
-11.085000E-03,+3.296482377E+00,+1.032796317E+00
-11.077500E-03,+3.296482377E+00,+1.023792080E+00
-11.070000E-03,+3.285281967E+00,+1.014787842E+00
-11.062500E-03,+3.296482377E+00,+1.017587945E+00
-11.055000E-03,+3.296482377E+00,+1.016879870E+00
-11.047500E-03,+3.296482377E+00,+1.017587945E+00
-11.040000E-03,+3.290946567E+00,+1.037688447E+00
-11.032500E-03,+3.216080368E+00,+1.037688447E+00
-11.025000E-03,+3.296482377E+00,+1.017587945E+00
-11.017500E-03,+3.296482377E+00,+1.017587945E+00
-11.010000E-03,+3.216080368E+00,+1.012019938E+00
-11.002500E-03,+3.296482377E+00,+1.034252217E+00
-10.995000E-03,+3.296482377E+00,+1.030028413E+00
-10.987500E-03,+3.296482377E+00,+1.036344244E+00
-10.980000E-03,+3.257474129E+00,+1.017587945E+00
-10.972500E-03,+3.296482377E+00,+1.017587945E+00
-10.965000E-03,+3.263456725E+00,+1.029432034E+00
-10.957500E-03,+3.296482377E+00,+1.034848595E+00
-10.950000E-03,+3.271824834E+00,+1.017587945E+00
-10.942500E-03,+3.296482377E+00,+1.017587945E+00
-10.935000E-03,+3.296482377E+00,+1.017587945E+00
-10.927500E-03,+3.296482377E+00,+1.010564038E+00
-10.920000E-03,+3.224001691E+00,+1.017587945E+00
-10.912500E-03,+3.296482377E+00,+1.017587945E+00
-10.905000E-03,+3.296482377E+00,+997.599139E-03
-10.897500E-03,+3.260912213E+00,+1.017587945E+00
-10.890000E-03,+3.296482377E+00,+1.017587945E+00
-10.882500E-03,+3.296482377E+00,+1.017587945E+00
-10.875000E-03,+3.296482377E+00,+1.017587945E+00
-10.867500E-03,+3.234914312E+00,+986.803912E-03
-10.860000E-03,+3.296482377E+00,+1.017587945E+00
-10.852500E-03,+3.216080368E+00,+1.017587945E+00
-10.845000E-03,+3.296482377E+00,+1.009108139E+00
-10.837500E-03,+3.374786661E+00,+1.017587945E+00
-10.830000E-03,+3.296482377E+00,+1.016544780E+00
-10.822500E-03,+3.296482377E+00,+1.036120851E+00
-10.815000E-03,+3.266735811E+00,+1.004924084E+00
-10.807500E-03,+3.296482377E+00,+1.037688447E+00
-10.800000E-03,+3.296482377E+00,+1.022932559E+00
-10.792500E-03,+3.296482377E+00,+1.017587945E+00
-10.785000E-03,+3.229090714E+00,+1.017587945E+00
-10.777500E-03,+3.296482377E+00,+1.017587945E+00
-10.770000E-03,+3.296482377E+00,+1.017587945E+00
-10.762500E-03,+3.296482377E+00,+1.017587945E+00
-10.755000E-03,+3.296482377E+00,+1.018519413E+00
-10.747500E-03,+3.296482377E+00,+1.017587945E+00
-10.740000E-03,+3.284388395E+00,+1.000510938E+00
-10.732500E-03,+3.216080368E+00,+1.003468184E+00
-10.725000E-03,+3.296482377E+00,+1.017587945E+00
-10.717500E-03,+3.296482377E+00,+1.017587945E+00
-10.710000E-03,+3.267652175E+00,+1.017587945E+00
-10.702500E-03,+3.223267116E+00,+1.015791258E+00
-10.695000E-03,+3.296482377E+00,+1.026887523E+00
-10.687500E-03,+3.296482377E+00,+1.017587945E+00
-10.680000E-03,+3.296482377E+00,+1.017587945E+00
-10.672500E-03,+3.296482377E+00,+1.035301080E+00
-10.665000E-03,+3.296482377E+00,+1.017587945E+00
-10.657500E-03,+3.233997948E+00,+1.033209052E+00
-10.650000E-03,+3.278383007E+00,+1.033163605E+00
-10.642500E-03,+3.296482377E+00,+1.017587945E+00
-10.635000E-03,+3.225811628E+00,+1.017587945E+00
-10.627500E-03,+3.296482377E+00,+1.008924495E+00
-10.620000E-03,+3.295119226E+00,+1.017587945E+00
-10.612500E-03,+3.259102276E+00,+1.006832468E+00
-10.605000E-03,+3.296482377E+00,+979.138180E-03
-10.597500E-03,+3.267470386E+00,+1.030435449E+00
-10.590000E-03,+3.296482377E+00,+1.017587945E+00
-10.582500E-03,+3.335596623E+00,+1.022748915E+00
-10.575000E-03,+3.296482377E+00,+1.003422737E+00
-10.567500E-03,+3.296482377E+00,+1.017587945E+00
-10.560000E-03,+3.296482377E+00,+1.017587945E+00
-10.552500E-03,+3.296482377E+00,+1.018564860E+00
-10.545000E-03,+3.296482377E+00,+1.007468596E+00
-10.537500E-03,+3.296482377E+00,+1.017587945E+00
-10.530000E-03,+3.296482377E+00,+1.017587945E+00
-10.522500E-03,+3.296482377E+00,+1.017587945E+00
-10.515000E-03,+3.296482377E+00,+1.017587945E+00
-10.507500E-03,+3.296482377E+00,+1.017587945E+00
-10.500000E-03,+3.296482377E+00,+1.017587945E+00
-10.492500E-03,+3.266917601E+00,+1.017587945E+00
-10.485000E-03,+3.296482377E+00,+1.019200988E+00
-10.477500E-03,-37.932885E-03,-17.020894E-03
-10.470000E-03,-1.915936E-03,-47.259693E-03
-10.462500E-03,+0.0E+00,-36.163428E-03
-10.455000E-03,+0.0E+00,-30.209186E-03
-10.447500E-03,+54.669105E-03,-27.638175E-03
-10.440000E-03,+0.0E+00,-63.176140E-03
-10.432500E-03,+0.0E+00,-43.397478E-03
-10.425000E-03,-80.402009E-03,-47.738677E-03
-10.417500E-03,+71.405324E-03,-45.489506E-03
-10.410000E-03,+0.0E+00,-38.891583E-03
-10.402500E-03,+0.0E+00,-47.581533E-03
-10.395000E-03,+0.0E+00,-47.738677E-03
-10.387500E-03,+0.0E+00,-45.803793E-03
-10.380000E-03,-52.124593E-03,-47.738677E-03
-10.372500E-03,+0.0E+00,-31.665085E-03
-10.365000E-03,-60.492702E-03,-47.738677E-03
-10.357500E-03,+0.0E+00,-41.619739E-03
-10.350000E-03,+0.0E+00,-47.738677E-03
-10.342500E-03,-32.843862E-03,-39.527711E-03
-10.335000E-03,+0.0E+00,-28.431446E-03
-10.327500E-03,-41.211972E-03,-47.738677E-03
-10.320000E-03,+0.0E+00,-46.439921E-03
-10.312500E-03,+0.0E+00,-35.343657E-03
-10.305000E-03,-80.402009E-03,-47.738677E-03
-10.297500E-03,+0.0E+00,-33.251629E-03
-10.290000E-03,+0.0E+00,-27.638175E-03
-10.282500E-03,+0.0E+00,-47.738677E-03
-10.275000E-03,+0.0E+00,-47.738677E-03
-10.267500E-03,+0.0E+00,-29.067574E-03
-10.260000E-03,+0.0E+00,-47.738677E-03
-10.252500E-03,+0.0E+00,-47.738677E-03
-10.245000E-03,-47.035570E-03,-39.397067E-03
-10.237500E-03,+0.0E+00,-47.738677E-03
-10.230000E-03,-55.403679E-03,-47.738677E-03
-10.222500E-03,-61.015280E-03,-62.992497E-03
-10.215000E-03,+0.0E+00,-31.795730E-03
-10.207500E-03,+0.0E+00,-34.576884E-03
-10.200000E-03,+0.0E+00,-27.638175E-03
-10.192500E-03,-44.279061E-03,-36.668912E-03
-10.185000E-03,-80.296011E-03,-47.738677E-03
-10.177500E-03,-35.910951E-03,-27.638175E-03
-10.170000E-03,+0.0E+00,-29.756702E-03
-10.162500E-03,-80.402009E-03,-34.523885E-03
-10.155000E-03,+0.0E+00,-47.738677E-03
-10.147500E-03,+0.0E+00,-47.738677E-03
-10.140000E-03,+0.0E+00,-47.738677E-03
-10.132500E-03,-80.402009E-03,-47.738677E-03
-10.125000E-03,+0.0E+00,-47.738677E-03
-10.117500E-03,+0.0E+00,-28.247803E-03
-10.110000E-03,+0.0E+00,-38.124811E-03
-10.102500E-03,+0.0E+00,-27.638175E-03
-10.095000E-03,+0.0E+00,-47.738677E-03
-10.087500E-03,-80.402009E-03,-47.738677E-03
-10.080000E-03,+0.0E+00,-42.308866E-03
-10.072500E-03,-22.665816E-03,-33.304629E-03
-10.065000E-03,-67.050875E-03,-44.400893E-03
-10.057500E-03,-80.402009E-03,-47.738677E-03
-10.050000E-03,-4.983025E-03,-46.492921E-03
-10.042500E-03,+0.0E+00,-47.738677E-03
-10.035000E-03,-3.385085E-03,-46.892406E-03
-10.027500E-03,+0.0E+00,-47.738677E-03
-10.020000E-03,+0.0E+00,-30.576473E-03
-10.012500E-03,-56.138254E-03,-33.704113E-03
-10.005000E-03,-60.280705E-03,-47.738677E-03
-9.997500E-03,+0.0E+00,-47.738677E-03
-9.990000E-03,-28.489414E-03,-40.616323E-03
-9.982500E-03,+0.0E+00,-45.856793E-03
-9.975000E-03,-36.857523E-03,-36.852555E-03
-9.967500E-03,+0.0E+00,-27.848318E-03
-9.960000E-03,+0.0E+00,-36.432269E-03
-9.952500E-03,-80.402009E-03,-47.738677E-03
-9.945000E-03,-26.808267E-03,-34.340241E-03
-9.937500E-03,-17.576792E-03,-43.344479E-03
-9.930000E-03,-18.440157E-03,-43.128638E-03
-9.922500E-03,-25.944902E-03,-27.638175E-03
-9.915000E-03,+0.0E+00,-42.702653E-03
-9.907500E-03,+0.0E+00,-47.738677E-03
-9.900000E-03,-1.703938E-03,-47.738677E-03
-9.892500E-03,+0.0E+00,-47.738677E-03
-9.885000E-03,-6.664171E-03,-29.304217E-03
-9.877500E-03,-80.402009E-03,-40.400482E-03
-9.870000E-03,-65.369728E-03,-31.396245E-03
-9.862500E-03,+0.0E+00,-47.738677E-03
-9.855000E-03,+0.0E+00,-33.488272E-03
-9.847500E-03,-12.616559E-03,-44.584537E-03
-9.840000E-03,+0.0E+00,-39.796552E-03
-9.832500E-03,+0.0E+00,-46.676564E-03
-9.825000E-03,-40.265400E-03,-27.638175E-03
-9.817500E-03,+0.0E+00,-27.638175E-03
-9.810000E-03,+0.0E+00,-39.764354E-03
-9.802500E-03,+0.0E+00,-47.738677E-03
-9.795000E-03,+0.0E+00,-27.638175E-03
-9.787500E-03,-59.546130E-03,-42.524707E-03
-9.780000E-03,-80.402009E-03,-43.948409E-03
-9.772500E-03,+0.0E+00,-47.738677E-03
-9.765000E-03,-6.792962E-03,-47.738677E-03
-9.757500E-03,-37.592098E-03,-47.738677E-03
-9.750000E-03,-1.575148E-03,-47.738677E-03
-9.742500E-03,-34.441802E-03,-36.248625E-03
-9.735000E-03,-70.458752E-03,-47.738677E-03
-9.727500E-03,+0.0E+00,-34.156598E-03
-9.720000E-03,+0.0E+00,-47.738677E-03
-9.712500E-03,+0.0E+00,-47.738677E-03
-9.705000E-03,-26.679477E-03,-47.738677E-03
-9.697500E-03,-9.337473E-03,-29.972543E-03
-9.690000E-03,-35.047586E-03,-36.400071E-03
-9.682500E-03,+0.0E+00,-47.738677E-03
-9.675000E-03,-36.986313E-03,-47.738677E-03
-9.667500E-03,+0.0E+00,-27.638175E-03
-9.660000E-03,-51.783805E-03,-40.584126E-03
-9.652500E-03,+0.0E+00,-31.579888E-03
-9.645000E-03,+0.0E+00,-47.738677E-03
-9.637500E-03,+0.0E+00,-47.738677E-03
-9.630000E-03,+0.0E+00,-30.608671E-03
-9.622500E-03,+0.0E+00,-47.738677E-03
-9.615000E-03,+0.0E+00,-46.860208E-03
-9.607500E-03,-39.530825E-03,-37.520881E-03
-9.600000E-03,-4.854234E-03,-46.525118E-03
-9.592500E-03,+0.0E+00,-35.428853E-03
-9.585000E-03,-13.222344E-03,-47.738677E-03
-9.577500E-03,+0.0E+00,-47.738677E-03
-9.570000E-03,+0.0E+00,-33.035788E-03
-9.562500E-03,-14.426496E-03,-44.132053E-03
-9.555000E-03,-29.958563E-03,-47.738677E-03
-9.547500E-03,+0.0E+00,-49.253274E-03
-9.540000E-03,+0.0E+00,-37.219843E-03
-9.532500E-03,+0.0E+00,-28.215605E-03
-9.525000E-03,+0.0E+00,-36.064981E-03
-9.517500E-03,+0.0E+00,-45.069219E-03
-9.510000E-03,+0.0E+00,-54.073456E-03
-9.502500E-03,-19.045942E-03,-27.638175E-03
-9.495000E-03,-63.431001E-03,-31.880927E-03
-9.487500E-03,-27.414051E-03,-34.491687E-03
-9.480000E-03,+0.0E+00,-45.587952E-03
-9.472500E-03,-35.782161E-03,-36.583715E-03
-9.465000E-03,-234.789E-06,-27.755569E-03
-9.457500E-03,-80.402009E-03,-47.738677E-03
-9.450000E-03,-80.402009E-03,-47.738677E-03
-9.442500E-03,+0.0E+00,-47.738677E-03
-9.435000E-03,+0.0E+00,-43.613319E-03
-9.427500E-03,-60.886489E-03,-32.517055E-03
-9.420000E-03,-80.402009E-03,-41.521292E-03
-9.412500E-03,+0.0E+00,-30.425027E-03
-9.405000E-03,-33.237649E-03,-47.738677E-03
-9.397500E-03,-80.402009E-03,-47.043852E-03
-9.390000E-03,+0.0E+00,-37.337237E-03
-9.382500E-03,-5.588809E-03,-47.738677E-03
-9.375000E-03,-80.402009E-03,-35.245210E-03
-9.367500E-03,-13.956918E-03,-44.249447E-03
-9.360000E-03,+0.0E+00,-27.638175E-03
-9.352500E-03,-80.402009E-03,-47.738677E-03
-9.345000E-03,-13.691922E-03,-47.738677E-03
-9.337500E-03,-80.402009E-03,-35.311459E-03
-9.330000E-03,+0.0E+00,-28.969128E-03
-9.322500E-03,+0.0E+00,-57.503989E-03
-9.315000E-03,+3.044297E-03,-46.977603E-03
-9.307500E-03,+0.0E+00,-35.881338E-03
-9.300000E-03,+0.0E+00,-44.885575E-03
-9.292500E-03,+0.0E+00,-33.789310E-03
-9.285000E-03,+0.0E+00,-62.894050E-03
-9.277500E-03,-16.236433E-03,-31.697283E-03
-9.270000E-03,-28.148626E-03,-54.775833E-03
-9.262500E-03,-80.402009E-03,-47.738677E-03
-9.255000E-03,+0.0E+00,-47.738677E-03
-9.247500E-03,-79.902224E-03,-47.738677E-03
-9.240000E-03,-35.517164E-03,-47.738677E-03
-9.232500E-03,+0.0E+00,-45.521703E-03
-9.225000E-03,+0.0E+00,-40.951413E-03
-9.217500E-03,-63.166004E-03,-31.947176E-03
-9.210000E-03,+0.0E+00,-32.333411E-03
-9.202500E-03,-54.797895E-03,-41.337648E-03
-9.195000E-03,+0.0E+00,-47.738677E-03
-9.187500E-03,-33.972224E-03,-59.346123E-03
-9.180000E-03,+0.0E+00,-27.638175E-03
-9.172500E-03,+0.0E+00,-38.223258E-03
-9.165000E-03,+0.0E+00,-47.738677E-03
-9.157500E-03,-29.693566E-03,-47.738677E-03
-9.150000E-03,-65.710516E-03,-51.411550E-03
-9.142500E-03,+0.0E+00,-27.638175E-03
-9.135000E-03,-57.342406E-03,-27.638175E-03
-9.127500E-03,+0.0E+00,-30.877511E-03
-9.120000E-03,+0.0E+00,-35.495103E-03
-9.112500E-03,-75.812772E-03,-47.738677E-03
-9.105000E-03,-39.795822E-03,-37.587130E-03
-9.097500E-03,+0.0E+00,-47.738677E-03
-9.090000E-03,-48.163931E-03,-27.638175E-03
-9.082500E-03,-68.255028E-03,-27.638175E-03
-9.075000E-03,-56.532041E-03,-41.771185E-03
-9.067500E-03,+0.0E+00,-47.738677E-03
-9.060000E-03,+0.0E+00,-31.513639E-03
-9.052500E-03,+0.0E+00,-47.738677E-03
-9.045000E-03,+0.0E+00,-29.421612E-03
-9.037500E-03,+0.0E+00,-47.738677E-03
-9.030000E-03,-1.234360E-03,-47.430087E-03
-9.022500E-03,+0.0E+00,-36.333822E-03
-9.015000E-03,-70.799539E-03,-47.738677E-03
-9.007500E-03,-26.414480E-03,-47.738677E-03
-9.000000E-03,-17.970579E-03,-16.522962E-03
-8.992500E-03,+0.0E+00,-47.738677E-03
-8.985000E-03,+0.0E+00,-27.638175E-03
-8.977500E-03,+0.0E+00,-45.319112E-03
-8.970000E-03,+0.0E+00,-47.738677E-03
-8.962500E-03,+0.0E+00,-47.411139E-03
-8.955000E-03,+0.0E+00,-47.738677E-03
-8.947500E-03,+0.0E+00,-45.974187E-03
-8.940000E-03,+0.0E+00,-34.877922E-03
-8.932500E-03,-64.975941E-03,-27.638175E-03
-8.925000E-03,-20.590882E-03,-47.738677E-03
-8.917500E-03,+0.0E+00,-27.638175E-03
-8.910000E-03,+0.0E+00,-27.638175E-03
-8.902500E-03,+0.0E+00,-39.698105E-03
-8.895000E-03,+0.0E+00,-28.601840E-03
-8.887500E-03,-40.530396E-03,-47.738677E-03
-8.880000E-03,-75.888563E-03,-46.610315E-03
-8.872500E-03,+0.0E+00,-47.738677E-03
-8.865000E-03,-67.520453E-03,-30.858564E-03
-8.857500E-03,+0.0E+00,-33.422023E-03
-8.850000E-03,-59.152343E-03,-47.738677E-03
-8.842500E-03,+0.0E+00,-31.329996E-03
-8.835000E-03,+0.0E+00,-47.738677E-03
-8.827500E-03,-74.002835E-03,-46.138883E-03
-8.820000E-03,-80.402009E-03,-58.342708E-03
-8.812500E-03,-78.433074E-03,-27.638175E-03
-8.805000E-03,+0.0E+00,-27.638175E-03
-8.797500E-03,-70.064965E-03,-27.638175E-03
-8.790000E-03,+0.0E+00,-54.158653E-03
-8.782500E-03,+0.0E+00,-32.314463E-03
-8.775000E-03,-63.090213E-03,-47.738677E-03
-8.767500E-03,-53.328746E-03,-34.406491E-03
-8.760000E-03,+0.0E+00,-47.738677E-03
-8.752500E-03,+0.0E+00,-38.878334E-03
-8.745000E-03,+0.0E+00,-47.594783E-03
-8.737500E-03,+0.0E+00,-36.786306E-03
-8.730000E-03,+0.0E+00,-47.738677E-03
-8.722500E-03,+0.0E+00,-34.694279E-03
-8.715000E-03,+0.0E+00,-31.678335E-03
-8.707500E-03,+0.0E+00,-32.602251E-03
-8.700000E-03,+0.0E+00,-33.770363E-03
-8.692500E-03,-68.913811E-03,-47.738677E-03
-8.685000E-03,-32.896862E-03,-47.738677E-03
-8.677500E-03,+0.0E+00,-27.638175E-03
-8.670000E-03,-80.402009E-03,-27.638175E-03
-8.662500E-03,-5.248021E-03,-28.950180E-03
-8.655000E-03,-49.633081E-03,-47.738677E-03
-8.647500E-03,+0.0E+00,-47.738677E-03
-8.640000E-03,-58.001190E-03,-36.538267E-03
-8.632500E-03,+0.0E+00,-33.134235E-03
-8.625000E-03,-66.369300E-03,-44.230500E-03
-8.617500E-03,+0.0E+00,-35.226262E-03
-8.610000E-03,+0.0E+00,-46.322527E-03
-8.602500E-03,-41.681550E-03,-47.738677E-03
-8.595000E-03,+0.0E+00,-67.163302E-03
-8.587500E-03,-33.313440E-03,-39.410317E-03
-8.580000E-03,-11.071619E-03,-27.638175E-03
-8.572500E-03,-24.945331E-03,-47.738677E-03
-8.565000E-03,+0.0E+00,-27.638175E-03
-8.557500E-03,+0.0E+00,-47.738677E-03
-8.550000E-03,+0.0E+00,-74.035762E-03
-8.542500E-03,+0.0E+00,-27.638175E-03
-8.535000E-03,+0.0E+00,-47.738677E-03
-8.527500E-03,-158.998E-06,-47.698927E-03
-8.520000E-03,+0.0E+00,-38.774189E-03
-8.512500E-03,-71.874902E-03,-43.475123E-03
-8.505000E-03,+0.0E+00,-27.638175E-03
-8.497500E-03,-80.402009E-03,-47.738677E-03
-8.490000E-03,-61.280276E-03,-47.738677E-03
-8.482500E-03,+0.0E+00,-47.738677E-03
-8.475000E-03,-10.753623E-03,-45.050271E-03
-8.467500E-03,-46.770573E-03,-39.330818E-03
-8.460000E-03,+0.0E+00,-47.738677E-03
-8.452500E-03,+0.0E+00,-37.238790E-03
-8.445000E-03,+0.0E+00,-27.638175E-03
-8.437500E-03,+0.0E+00,-35.146763E-03
-8.430000E-03,+0.0E+00,-47.738677E-03
-8.422500E-03,-58.735765E-03,-47.738677E-03
-8.415000E-03,-22.718815E-03,-47.738677E-03
-8.407500E-03,+0.0E+00,-47.738677E-03
-8.400000E-03,-49.315085E-03,-27.638175E-03
-8.392500E-03,-75.471984E-03,-27.638175E-03
-8.385000E-03,+0.0E+00,-27.638175E-03
-8.377500E-03,+0.0E+00,-47.738677E-03
-8.370000E-03,+0.0E+00,-47.738677E-03
-8.362500E-03,+0.0E+00,-27.638175E-03
-8.355000E-03,-80.402009E-03,-53.791366E-03
-8.347500E-03,+0.0E+00,-42.695101E-03
-8.340000E-03,+0.0E+00,-27.638175E-03
-8.332500E-03,+0.0E+00,-40.603074E-03
-8.325000E-03,+0.0E+00,-29.506809E-03
-8.317500E-03,+0.0E+00,-27.638175E-03
-8.310000E-03,+0.0E+00,-27.861568E-03
-8.302500E-03,-45.278632E-03,-47.738677E-03
-8.295000E-03,+0.0E+00,-47.738677E-03
-8.287500E-03,+0.0E+00,-20.915306E-03
-8.280000E-03,-80.402009E-03,-27.638175E-03
-8.272500E-03,-18.387158E-03,-32.234964E-03
-8.265000E-03,+0.0E+00,-21.138699E-03
-8.257500E-03,-70.382961E-03,-10.042434E-03
-8.250000E-03,+0.0E+00,-39.147174E-03
-8.242500E-03,+0.0E+00,-27.638175E-03
-8.235000E-03,+0.0E+00,-47.738677E-03
-8.227500E-03,-73.684839E-03,-46.059384E-03
-8.220000E-03,+0.0E+00,-47.738677E-03
-8.212500E-03,-65.316729E-03,-43.967357E-03
-8.205000E-03,-20.931670E-03,-62.606262E-03
-8.197500E-03,-56.948619E-03,-47.738677E-03
-8.190000E-03,-12.563560E-03,-47.738677E-03
-8.182500E-03,+0.0E+00,-47.738677E-03
-8.175000E-03,-76.206559E-03,-28.687037E-03
-8.167500E-03,+0.0E+00,-37.685577E-03
-8.160000E-03,-4.172659E-03,-28.681339E-03
-8.152500E-03,+0.0E+00,-27.638175E-03
-8.145000E-03,-67.861241E-03,-30.773367E-03
-8.137500E-03,-23.476181E-03,-41.869632E-03
-8.130000E-03,+0.0E+00,-47.738677E-03
-8.122500E-03,-15.108072E-03,-51.515695E-03
-8.115000E-03,+0.0E+00,-27.638175E-03
-8.107500E-03,+0.0E+00,-29.323165E-03
-8.100000E-03,+0.0E+00,-38.327403E-03
-8.092500E-03,-1.628147E-03,-47.331640E-03
-8.085000E-03,+0.0E+00,-47.738677E-03
-8.077500E-03,+0.0E+00,-30.137239E-03
-8.070000E-03,+0.0E+00,-34.143348E-03
-8.062500E-03,+18.364366E-03,-27.638175E-03
-8.055000E-03,-17.652583E-03,-32.051320E-03
-8.047500E-03,+0.0E+00,-47.738677E-03
-8.040000E-03,-71.117535E-03,-29.959293E-03
-8.032500E-03,-80.402009E-03,-27.638175E-03
-8.025000E-03,-916.364E-06,-47.738677E-03
-8.017500E-03,-36.933314E-03,-47.738677E-03
-8.010000E-03,+0.0E+00,-45.875741E-03
-8.002500E-03,+0.0E+00,-47.738677E-03
-7.995000E-03,-64.582154E-03,-47.738677E-03
-7.987500E-03,+0.0E+00,-47.738677E-03
-7.980000E-03,-56.214045E-03,-33.685166E-03
-7.972500E-03,+0.0E+00,-27.638175E-03
-7.965000E-03,+0.0E+00,-47.738677E-03
-7.957500E-03,+0.0E+00,-46.873458E-03
-7.950000E-03,+0.0E+00,-37.869220E-03
-7.942500E-03,-4.907234E-03,-30.091791E-03
-7.935000E-03,+0.0E+00,-47.738677E-03
-7.927500E-03,-67.126666E-03,-47.738677E-03
-7.920000E-03,+0.0E+00,-27.638175E-03
-7.912500E-03,+0.0E+00,-42.327814E-03
-7.905000E-03,+0.0E+00,-31.231549E-03
-7.897500E-03,+0.0E+00,-35.141065E-03
-7.890000E-03,-74.396622E-03,-27.638175E-03
-7.882500E-03,-42.022337E-03,-47.738677E-03
-7.875000E-03,+0.0E+00,-28.228855E-03
-7.867500E-03,-46.747781E-03,-47.738677E-03
-7.860000E-03,-69.671178E-03,-50.421385E-03
-7.852500E-03,+0.0E+00,-33.959704E-03
-7.845000E-03,+61.303068E-03,-47.738677E-03
-7.837500E-03,-63.484000E-03,-31.867677E-03
-7.830000E-03,+0.0E+00,-54.605440E-03
-7.822500E-03,-71.852110E-03,-47.738677E-03
-7.815000E-03,-35.835160E-03,-47.738677E-03
-7.807500E-03,-181.790E-06,-47.693229E-03
-7.800000E-03,+0.0E+00,-47.738677E-03
-7.792500E-03,+0.0E+00,-45.692097E-03
-7.785000E-03,-27.830630E-03,-27.638175E-03
-7.777500E-03,+0.0E+00,-47.738677E-03
-7.770000E-03,-60.939489E-03,-32.503805E-03
-7.762500E-03,+0.0E+00,-27.638175E-03
-7.755000E-03,-11.094411E-03,-30.411777E-03
-7.747500E-03,-47.111361E-03,-44.283499E-03
-7.740000E-03,-2.726301E-03,-28.319750E-03
-7.732500E-03,-38.743251E-03,-47.738677E-03
-7.725000E-03,-5.641808E-03,-46.328225E-03
-7.717500E-03,-30.375142E-03,-35.231960E-03
-7.710000E-03,-14.009918E-03,-44.236197E-03
-7.702500E-03,+36.387945E-03,-33.139933E-03
-7.695000E-03,+0.0E+00,-42.144170E-03
-7.687500E-03,+0.0E+00,-47.738677E-03
-7.680000E-03,-30.746137E-03,-47.738677E-03
-7.672500E-03,-80.402009E-03,-47.738677E-03
-7.665000E-03,-39.114246E-03,-47.738677E-03
-7.657500E-03,-3.097297E-03,-47.738677E-03
-7.650000E-03,-32.919653E-03,-47.738677E-03
-7.642500E-03,+0.0E+00,-50.605028E-03
-7.635000E-03,+0.0E+00,-33.776060E-03
-7.627500E-03,-60.568493E-03,-42.780298E-03
-7.620000E-03,+0.0E+00,-27.638175E-03
-7.612500E-03,+0.0E+00,-47.738677E-03
-7.605000E-03,-80.402009E-03,-29.592006E-03
-7.597500E-03,+0.0E+00,-47.738677E-03
-7.590000E-03,+0.0E+00,-47.738677E-03
-7.582500E-03,-44.937844E-03,-27.638175E-03
-7.575000E-03,+0.0E+00,-29.868398E-03
-7.567500E-03,+0.0E+00,-47.738677E-03
-7.560000E-03,-17.289004E-03,-31.960426E-03
-7.552500E-03,-61.674063E-03,-43.056690E-03
-7.545000E-03,+0.0E+00,-34.052453E-03
-7.537500E-03,+0.0E+00,-27.638175E-03
-7.530000E-03,-34.025223E-03,-27.638175E-03
-7.522500E-03,-78.410283E-03,-28.136106E-03
-7.515000E-03,+0.0E+00,-47.738677E-03
-7.507500E-03,-6.376383E-03,-29.232270E-03
-7.500000E-03,-50.761442E-03,-35.048316E-03
-7.492500E-03,+0.0E+00,-31.324298E-03
-7.485000E-03,-21.272457E-03,-42.420563E-03
-7.477500E-03,-23.112602E-03,-47.738677E-03
-7.470000E-03,-67.497661E-03,-50.964764E-03
-7.462500E-03,+0.0E+00,-39.868499E-03
-7.455000E-03,+0.0E+00,-28.772234E-03
-7.447500E-03,+39.848821E-03,-47.738677E-03
-7.440000E-03,-3.831871E-03,-46.780709E-03
-7.432500E-03,-48.216931E-03,-39.692407E-03
-7.425000E-03,-68.202028E-03,-47.738677E-03
-7.417500E-03,-23.816969E-03,-33.592417E-03
-7.410000E-03,+0.0E+00,-42.596654E-03
-7.402500E-03,-15.448859E-03,-47.738677E-03
-7.395000E-03,+0.0E+00,-40.504627E-03
-7.387500E-03,-73.321259E-03,-45.968489E-03
-7.380000E-03,-37.304309E-03,-47.738677E-03
-7.372500E-03,+0.0E+00,-27.638175E-03
-7.365000E-03,-34.729590E-03,-36.320572E-03
-7.357500E-03,-80.402009E-03,-47.738677E-03
-7.350000E-03,-54.040529E-03,-47.738677E-03
-7.342500E-03,-62.378430E-03,-43.232782E-03
-7.335000E-03,+0.0E+00,-27.638175E-03
-7.327500E-03,-80.402009E-03,-27.638175E-03
-7.320000E-03,-70.776748E-03,-47.738677E-03
-7.312500E-03,-45.642211E-03,-39.048727E-03
-7.305000E-03,-79.144857E-03,-27.952463E-03
-7.297500E-03,+0.0E+00,-36.956700E-03
-7.290000E-03,+0.0E+00,-47.738677E-03
-7.282500E-03,+0.0E+00,-47.738677E-03
-7.275000E-03,+0.0E+00,-47.738677E-03
-7.267500E-03,+0.0E+00,-52.873148E-03
-7.260000E-03,-56.554833E-03,-41.776883E-03
-7.252500E-03,-68.232236E-03,-47.738677E-03
-7.245000E-03,+0.0E+00,-39.684855E-03
-7.237500E-03,+3.801664E-03,-46.788261E-03
-7.230000E-03,+0.0E+00,-47.929872E-03
-7.222500E-03,-75.835563E-03,-47.738677E-03
-7.215000E-03,+0.0E+00,-47.738677E-03
-7.207500E-03,+0.0E+00,-30.871813E-03
-7.200000E-03,+0.0E+00,-27.638175E-03
-7.192500E-03,+0.0E+00,-27.638175E-03
-7.185000E-03,+0.0E+00,-47.738677E-03
-7.177500E-03,+0.0E+00,-27.638175E-03
-7.170000E-03,-6.346175E-03,-46.152133E-03
-7.162500E-03,-38.038884E-03,-27.638175E-03
-7.155000E-03,-2.021934E-03,-28.143658E-03
-7.147500E-03,+0.0E+00,-27.638175E-03
-7.140000E-03,-70.011965E-03,-47.738677E-03
-7.132500E-03,+0.0E+00,-27.638175E-03
-7.125000E-03,-61.643856E-03,-27.638175E-03
-7.117500E-03,-63.143213E-03,-43.423978E-03
-7.110000E-03,-27.126263E-03,-40.957111E-03
-7.102500E-03,-71.511322E-03,-45.516005E-03
-7.095000E-03,+0.0E+00,-38.865084E-03
-7.087500E-03,+0.0E+00,-27.638175E-03
-7.080000E-03,+0.0E+00,-47.738677E-03
-7.072500E-03,-7.845532E-03,-47.738677E-03
-7.065000E-03,+0.0E+00,-47.738677E-03
-7.057500E-03,+0.0E+00,-51.792087E-03
-7.050000E-03,-60.598701E-03,-42.787850E-03
-7.042500E-03,-31.238507E-03,-47.738677E-03
-7.035000E-03,-68.966811E-03,-44.879877E-03
-7.027500E-03,+0.0E+00,-47.738677E-03
-7.020000E-03,-77.334920E-03,-47.738677E-03
-7.012500E-03,-39.084039E-03,-37.409184E-03
-7.005000E-03,-5.301021E-03,-28.963430E-03
-6.997500E-03,+0.0E+00,-40.059695E-03
-6.990000E-03,+0.0E+00,-31.055457E-03
-6.982500E-03,+0.0E+00,-47.738677E-03
-6.975000E-03,+0.0E+00,-27.638175E-03
-6.967500E-03,-13.979710E-03,-44.243749E-03
-6.960000E-03,+0.0E+00,-35.239512E-03
-6.952500E-03,+0.0E+00,-47.738677E-03
-6.945000E-03,+0.0E+00,-47.738677E-03
-6.937500E-03,+0.0E+00,-47.049550E-03
-6.930000E-03,-47.141568E-03,-59.524069E-03
-6.922500E-03,+0.0E+00,-47.738677E-03
-6.915000E-03,-24.892331E-03,-27.638175E-03
-6.907500E-03,+0.0E+00,-27.638175E-03
-6.900000E-03,-63.877787E-03,-75.546515E-03
-6.892500E-03,+0.0E+00,-47.738677E-03
-6.885000E-03,+0.0E+00,-27.638175E-03
-6.877500E-03,-44.173062E-03,-38.681440E-03
-6.870000E-03,+0.0E+00,-7.696670E-03
-6.862500E-03,+0.0E+00,-45.540651E-03
-6.855000E-03,+0.0E+00,-47.738677E-03
-6.847500E-03,-80.402009E-03,-47.738677E-03
-6.840000E-03,+0.0E+00,-43.501623E-03
-6.832500E-03,+0.0E+00,-47.738677E-03
-6.825000E-03,+0.0E+00,-41.409595E-03
-6.817500E-03,+0.0E+00,-47.738677E-03
-6.810000E-03,-33.684436E-03,-47.738677E-03
-6.802500E-03,-78.069495E-03,-27.638175E-03
-6.795000E-03,-42.052545E-03,-27.638175E-03
-6.787500E-03,-6.035595E-03,-29.147073E-03
-6.780000E-03,+0.0E+00,-47.738677E-03
-6.772500E-03,+0.0E+00,-44.137751E-03
-6.765000E-03,+0.0E+00,-42.335366E-03
-6.757500E-03,-57.630195E-03,-13.230626E-03
-6.750000E-03,+0.0E+00,-47.738677E-03
-6.742500E-03,-49.262085E-03,-47.738677E-03
-6.735000E-03,-4.877026E-03,-65.400666E-03
-6.727500E-03,-80.402009E-03,-27.638175E-03
-6.720000E-03,+0.0E+00,-46.865906E-03
-6.712500E-03,+0.0E+00,-39.607210E-03
-6.705000E-03,-11.859193E-03,-30.602973E-03
-6.697500E-03,+0.0E+00,-61.799740E-03
-6.690000E-03,+0.0E+00,-47.738677E-03
-6.682500E-03,-64.612362E-03,-47.738677E-03
-6.675000E-03,-28.595412E-03,-47.738677E-03
-6.667500E-03,+0.0E+00,-27.638175E-03
-6.660000E-03,+0.0E+00,-38.497796E-03
-6.652500E-03,-946.572E-06,-47.738677E-03
-6.645000E-03,+0.0E+00,-47.738677E-03
-6.637500E-03,+0.0E+00,-29.966845E-03
-6.630000E-03,-53.699741E-03,-34.313742E-03
-6.622500E-03,+0.0E+00,-32.058872E-03
-6.615000E-03,-80.402009E-03,-43.155137E-03
-6.607500E-03,+0.0E+00,-47.738677E-03
-6.600000E-03,+0.0E+00,-30.129687E-03
-6.592500E-03,+0.0E+00,-47.738677E-03
-6.585000E-03,-1.597940E-03,-28.037660E-03
-6.577500E-03,+0.0E+00,-47.738677E-03
-6.570000E-03,+0.0E+00,-29.330717E-03
-6.562500E-03,+0.0E+00,-34.949870E-03
-6.555000E-03,+0.0E+00,-43.954107E-03
-6.547500E-03,+0.0E+00,-47.738677E-03
-6.540000E-03,+0.0E+00,-33.514772E-03
-6.532500E-03,-67.891448E-03,-27.638175E-03
-6.525000E-03,+0.0E+00,-35.606799E-03
-6.517500E-03,+0.0E+00,-46.703064E-03
-6.510000E-03,+0.0E+00,-37.698827E-03
-6.502500E-03,+0.0E+00,-47.738677E-03
-6.495000E-03,+0.0E+00,-43.533820E-03
-6.487500E-03,-67.808241E-03,-27.638175E-03
-6.480000E-03,-80.402009E-03,-47.738677E-03
-6.472500E-03,+0.0E+00,-32.878644E-03
-6.465000E-03,+0.0E+00,-47.738677E-03
-6.457500E-03,-51.072022E-03,-40.406180E-03
-6.450000E-03,-73.715046E-03,-47.738677E-03
-6.442500E-03,+0.0E+00,-38.314153E-03
-6.435000E-03,-80.402009E-03,-27.217888E-03
-6.427500E-03,-34.335803E-03,-47.738677E-03
-6.420000E-03,+0.0E+00,-47.738677E-03
-6.412500E-03,-54.434316E-03,-47.738677E-03
-6.405000E-03,+0.0E+00,-27.638175E-03
-6.397500E-03,-17.599584E-03,-43.338781E-03
-6.390000E-03,+0.0E+00,-27.638175E-03
-6.382500E-03,+0.0E+00,-63.223442E-03
-6.375000E-03,-35.153585E-03,-38.950281E-03
-6.367500E-03,+0.0E+00,-27.854016E-03
-6.360000E-03,-36.880315E-03,-36.858253E-03
-6.352500E-03,-80.402009E-03,-47.738677E-03
-6.345000E-03,+0.0E+00,-40.610626E-03
-6.337500E-03,-64.529155E-03,-47.738677E-03
-6.330000E-03,+0.0E+00,-32.674199E-03
-6.322500E-03,+0.0E+00,-27.638175E-03
-6.315000E-03,+0.0E+00,-44.794680E-03
-6.307500E-03,-32.609073E-03,-27.638175E-03
-6.300000E-03,+0.0E+00,-47.738677E-03
-6.292500E-03,+39.424826E-03,-37.494381E-03
-6.285000E-03,+0.0E+00,-30.118291E-03
-6.277500E-03,+0.0E+00,-63.267035E-03
-6.270000E-03,+0.0E+00,-47.738677E-03
-6.262500E-03,+0.0E+00,-47.738677E-03
-6.255000E-03,-58.705557E-03,-27.638175E-03
-6.247500E-03,+0.0E+00,-31.218299E-03
-6.240000E-03,+0.0E+00,-35.154315E-03
-6.232500E-03,+0.0E+00,-47.738677E-03
-6.225000E-03,-41.969338E-03,-37.246342E-03
-6.217500E-03,+0.0E+00,-47.738677E-03
-6.210000E-03,+0.0E+00,-36.038482E-03
-6.202500E-03,+0.0E+00,-47.738677E-03
-6.195000E-03,+0.0E+00,-40.254734E-03
-6.187500E-03,-61.250069E-03,-22.850190E-03
-6.180000E-03,+0.0E+00,-27.638175E-03
-6.172500E-03,+0.0E+00,-47.738677E-03
-6.165000E-03,+0.0E+00,-45.614452E-03
-6.157500E-03,-35.888159E-03,-36.610214E-03
-6.150000E-03,-80.273219E-03,-27.670372E-03
-6.142500E-03,+0.0E+00,-36.674610E-03
-6.135000E-03,+0.0E+00,-45.678847E-03
-6.127500E-03,+0.0E+00,-34.582582E-03
-6.120000E-03,+0.0E+00,-31.790032E-03
-6.112500E-03,+0.0E+00,-32.490555E-03
-6.105000E-03,+0.0E+00,-27.638175E-03
-6.097500E-03,-11.041412E-03,-47.738677E-03
-6.090000E-03,+0.0E+00,-39.402765E-03
-6.082500E-03,-2.673302E-03,-47.070351E-03
-6.075000E-03,+0.0E+00,-47.738677E-03
-6.067500E-03,-74.707202E-03,-46.314975E-03
-6.060000E-03,+0.0E+00,-35.218710E-03
-6.052500E-03,-66.339092E-03,-31.153904E-03
-6.045000E-03,-58.447976E-03,-27.638175E-03
-6.037500E-03,+0.0E+00,-47.738677E-03
-6.030000E-03,-66.816086E-03,-44.342196E-03
-6.022500E-03,+0.0E+00,-47.738677E-03
-6.015000E-03,-75.184196E-03,-28.942628E-03
-6.007500E-03,-41.234763E-03,-37.946865E-03
-6.000000E-03,-3.150296E-03,-28.425749E-03
-5.992500E-03,-47.535355E-03,-47.738677E-03
-5.985000E-03,-11.518405E-03,-47.738677E-03
-5.977500E-03,+0.0E+00,-47.738677E-03
-5.970000E-03,-19.886515E-03,-42.767048E-03
-5.962500E-03,-64.271574E-03,-31.670783E-03
-5.955000E-03,+0.0E+00,-34.701831E-03
-5.947500E-03,-7.762325E-03,-29.578756E-03
-5.940000E-03,+0.0E+00,-38.582993E-03
-5.932500E-03,-79.796225E-03,-27.638175E-03
-5.925000E-03,+0.0E+00,-36.490966E-03
-5.917500E-03,-71.428115E-03,-29.881648E-03
-5.910000E-03,+0.0E+00,-27.638175E-03
-5.902500E-03,+0.0E+00,-47.738677E-03
-5.895000E-03,+0.0E+00,-43.069940E-03
-5.887500E-03,+0.0E+00,-47.738677E-03
-5.880000E-03,+0.0E+00,-27.638175E-03
-5.872500E-03,-80.402009E-03,-36.157730E-03
-5.865000E-03,+0.0E+00,-47.738677E-03
-5.857500E-03,+0.0E+00,-38.249758E-03
-5.850000E-03,+0.0E+00,-46.131331E-03
-5.842500E-03,+0.0E+00,-47.738677E-03
-5.835000E-03,+0.0E+00,-27.638175E-03
-5.827500E-03,+0.0E+00,-32.943039E-03
-5.820000E-03,-23.165601E-03,-27.638175E-03
-5.812500E-03,+0.0E+00,-30.851012E-03
-5.805000E-03,+0.0E+00,-35.521602E-03
-5.797500E-03,-4.483239E-03,-47.738677E-03
-5.790000E-03,+0.0E+00,-37.763222E-03
-5.782500E-03,-3.884871E-03,-27.638175E-03
-5.775000E-03,+0.0E+00,-39.705657E-03
-5.767500E-03,+0.0E+00,-47.738677E-03
-5.760000E-03,-23.763970E-03,-47.738677E-03
-5.752500E-03,+0.0E+00,-47.738677E-03
-5.745000E-03,+0.0E+00,-47.738677E-03
-5.737500E-03,-51.412810E-03,-40.491377E-03
-5.730000E-03,+0.0E+00,-47.738677E-03
-5.722500E-03,-37.357309E-03,-47.738677E-03
-5.715000E-03,+0.0E+00,-47.738677E-03
-5.707500E-03,-34.676591E-03,-36.307322E-03
-5.700000E-03,-70.693541E-03,-45.311560E-03
-5.692500E-03,+0.0E+00,-47.738677E-03
-5.685000E-03,+0.0E+00,-32.157319E-03
-5.677500E-03,-17.940372E-03,-47.738677E-03
-5.670000E-03,-26.444688E-03,-27.638175E-03
-5.662500E-03,-9.572262E-03,-47.738677E-03
-5.655000E-03,-45.589212E-03,-47.738677E-03
-5.647500E-03,-79.197856E-03,-47.437639E-03
-5.640000E-03,-43.180907E-03,-47.738677E-03
-5.632500E-03,+0.0E+00,-29.429164E-03
-5.625000E-03,+0.0E+00,-47.738677E-03
-5.617500E-03,-15.532066E-03,-31.521191E-03
-5.610000E-03,-59.917126E-03,-32.759395E-03
-5.602500E-03,+0.0E+00,-61.864135E-03
-5.595000E-03,-12.116774E-03,-44.709483E-03
-5.587500E-03,+0.0E+00,-47.738677E-03
-5.580000E-03,-76.653345E-03,-46.801511E-03
-5.572500E-03,-40.636395E-03,-27.638175E-03
-5.565000E-03,-4.619445E-03,-46.583816E-03
-5.557500E-03,-49.004505E-03,-27.638175E-03
-5.550000E-03,-80.402009E-03,-47.738677E-03
-5.542500E-03,+0.0E+00,-41.981328E-03
-5.535000E-03,-21.355664E-03,-18.215504E-03
-5.527500E-03,+0.0E+00,-44.073356E-03
-5.520000E-03,+0.0E+00,-40.307733E-03
-5.512500E-03,-80.402009E-03,-27.638175E-03
-5.505000E-03,+0.0E+00,-37.161145E-03
-5.497500E-03,-78.327076E-03,-47.219943E-03
-5.490000E-03,-33.942016E-03,-47.738677E-03
-5.482500E-03,-10.443043E-03,-30.248935E-03
-5.475000E-03,+0.0E+00,-47.738677E-03
-5.467500E-03,+0.0E+00,-32.340963E-03
-5.460000E-03,-17.205797E-03,-27.638175E-03
-5.452500E-03,+0.0E+00,-40.943861E-03
-5.445000E-03,+0.0E+00,-27.638175E-03
-5.437500E-03,+0.0E+00,-27.638175E-03
-5.430000E-03,+0.0E+00,-27.755569E-03
-5.422500E-03,-43.915481E-03,-38.617045E-03
-5.415000E-03,-7.898532E-03,-45.764044E-03
-5.407500E-03,-28.118418E-03,-47.738677E-03
-5.400000E-03,+0.0E+00,-47.738677E-03
-5.392500E-03,+0.0E+00,-47.738677E-03
-5.385000E-03,+0.0E+00,-33.796862E-03
-5.377500E-03,-80.402009E-03,-44.893127E-03
-5.370000E-03,-33.002860E-03,-47.738677E-03
-5.362500E-03,-77.387920E-03,-47.738677E-03
-5.355000E-03,+0.0E+00,-37.395934E-03
-5.347500E-03,+0.0E+00,-28.976680E-03
-5.340000E-03,-49.739079E-03,-40.072944E-03
-5.332500E-03,-13.722129E-03,-31.068707E-03
-5.325000E-03,+0.0E+00,-47.738677E-03
-5.317500E-03,+0.0E+00,-27.638175E-03
-5.310000E-03,+0.0E+00,-47.738677E-03
-5.302500E-03,-49.943661E-03,-27.638175E-03
-5.295000E-03,-74.843408E-03,-29.027825E-03
-5.287500E-03,-41.575551E-03,-27.638175E-03
-5.280000E-03,+77.592501E-03,-47.738677E-03
-5.272500E-03,-33.207442E-03,-47.738677E-03
-5.265000E-03,-11.177618E-03,-47.738677E-03
-5.257500E-03,-55.562677E-03,-41.528844E-03
-5.250000E-03,+0.0E+00,-47.738677E-03
-5.242500E-03,-16.471222E-03,-63.721374E-03
-5.235000E-03,-52.488172E-03,-34.616634E-03
-5.227500E-03,+0.0E+00,-29.663953E-03
-5.220000E-03,+0.0E+00,-36.708661E-03
-5.212500E-03,+0.0E+00,-47.738677E-03
-5.205000E-03,+0.0E+00,-36.576163E-03
-5.197500E-03,+0.0E+00,-45.580400E-03
-5.190000E-03,-53.018166E-03,-40.892716E-03
-5.182500E-03,+0.0E+00,-31.888479E-03
-5.175000E-03,-19.015734E-03,-47.738677E-03
-5.167500E-03,-25.369325E-03,-47.738677E-03
-5.160000E-03,+0.0E+00,-27.638175E-03
-5.152500E-03,+0.0E+00,-39.304318E-03
-5.145000E-03,+78.122494E-03,-47.738677E-03
-5.137500E-03,-38.296465E-03,-46.786407E-03
-5.130000E-03,-6.088595E-03,-29.160323E-03
-5.122500E-03,+0.0E+00,-15.019761E-03
-5.115000E-03,-14.456704E-03,-44.124501E-03
-5.107500E-03,+0.0E+00,-47.738677E-03
-5.100000E-03,+0.0E+00,-27.638175E-03
-5.092500E-03,+0.0E+00,-44.440643E-03
-5.085000E-03,+0.0E+00,-47.738677E-03
-5.077500E-03,-80.402009E-03,-46.532670E-03
-5.070000E-03,-39.561033E-03,-37.848419E-03
-5.062500E-03,+0.0E+00,-47.738677E-03
-5.055000E-03,-47.929142E-03,-39.620460E-03
-5.047500E-03,-68.489817E-03,-30.616223E-03
-5.040000E-03,+0.0E+00,-41.712488E-03
-5.032500E-03,-60.121707E-03,-12.607748E-03
-5.025000E-03,+0.0E+00,-31.572337E-03
-5.017500E-03,+0.0E+00,-27.638175E-03
-5.010000E-03,+0.0E+00,-44.054408E-03
-5.002500E-03,+0.0E+00,-47.738677E-03
-4.995000E-03,+0.0E+00,-27.638175E-03
-4.987500E-03,+0.0E+00,-36.392519E-03
-4.980000E-03,-9.367681E-03,-12.221513E-03
-4.972500E-03,+0.0E+00,-34.300492E-03
-4.965000E-03,+0.0E+00,-27.638175E-03
-4.957500E-03,+0.0E+00,-27.638175E-03
-4.950000E-03,-54.298109E-03,-47.738677E-03
-4.942500E-03,+0.0E+00,-47.738677E-03
-4.935000E-03,-45.930000E-03,-59.221177E-03
-4.927500E-03,-80.402009E-03,-47.738677E-03
-4.920000E-03,+0.0E+00,-47.738677E-03
-4.912500E-03,-80.402009E-03,-46.032885E-03
-4.905000E-03,-29.193781E-03,-34.936620E-03
-4.897500E-03,+0.0E+00,-31.435994E-03
-4.890000E-03,+0.0E+00,-32.844592E-03
-4.882500E-03,+0.0E+00,-27.638175E-03
-4.875000E-03,+0.0E+00,-67.839179E-03
-4.867500E-03,+0.0E+00,-35.620049E-03
-4.860000E-03,-76.312557E-03,-47.738677E-03
-4.852500E-03,+0.0E+00,-47.738677E-03
-4.845000E-03,+0.0E+00,-28.707839E-03
-4.837500E-03,+0.0E+00,-47.738677E-03
-4.830000E-03,+0.0E+00,-61.515796E-03
-4.822500E-03,+0.0E+00,-27.638175E-03
-4.815000E-03,+0.0E+00,-32.891894E-03
-4.807500E-03,+0.0E+00,-51.489195E-03
-4.800000E-03,-29.382986E-03,-47.738677E-03
-4.792500E-03,-73.768046E-03,-46.080186E-03
-4.785000E-03,+0.0E+00,-47.738677E-03
-4.777500E-03,+0.0E+00,-47.738677E-03
-4.770000E-03,-46.119205E-03,-27.638175E-03
-4.762500E-03,+0.0E+00,-30.163738E-03
-4.755000E-03,+0.0E+00,-27.638175E-03
-4.747500E-03,+0.0E+00,-43.121086E-03
-4.740000E-03,-17.546585E-03,-47.738677E-03
-4.732500E-03,+0.0E+00,-47.738677E-03
-4.725000E-03,-71.223534E-03,-29.932793E-03
-4.717500E-03,-35.206584E-03,-38.937031E-03
-4.710000E-03,+0.0E+00,-47.738677E-03
-4.702500E-03,+0.0E+00,-36.845003E-03
-4.695000E-03,+0.0E+00,-29.527611E-03
-4.687500E-03,+0.0E+00,-27.638175E-03
-4.680000E-03,-15.925853E-03,-27.638175E-03
-4.672500E-03,-60.310913E-03,-47.738677E-03
-4.665000E-03,+0.0E+00,-27.638175E-03
-4.657500E-03,+0.0E+00,-47.738677E-03
-4.650000E-03,-47.739937E-03,-47.738677E-03
-4.642500E-03,+0.0E+00,-47.738677E-03
-4.635000E-03,-41.030182E-03,-37.895720E-03
-4.627500E-03,-5.013232E-03,-28.891483E-03
-4.620000E-03,-49.398292E-03,-55.489606E-03
-4.612500E-03,+0.0E+00,-47.738677E-03
-4.605000E-03,+0.0E+00,-42.079775E-03
-4.597500E-03,+0.0E+00,-53.176040E-03
-4.590000E-03,-66.134511E-03,-44.171802E-03
-4.582500E-03,-50.284448E-03,-47.738677E-03
-4.575000E-03,+0.0E+00,-66.364332E-03
-4.567500E-03,-41.916339E-03,-27.638175E-03
-4.560000E-03,-2.468721E-03,-28.255355E-03
-4.552500E-03,+0.0E+00,-36.025232E-03
-4.545000E-03,+0.0E+00,-47.738677E-03
-4.537500E-03,-80.402009E-03,-75.349622E-03
-4.530000E-03,-19.204940E-03,-37.240644E-03
-4.522500E-03,+0.0E+00,-47.738677E-03
-4.515000E-03,-27.573049E-03,-47.738677E-03
-4.507500E-03,+0.0E+00,-29.749150E-03
-4.500000E-03,+0.0E+00,-47.738677E-03
-4.492500E-03,+0.0E+00,-27.638175E-03
-4.485000E-03,+0.0E+00,-36.661360E-03
-4.477500E-03,+0.0E+00,-45.665597E-03
-4.470000E-03,+0.0E+00,-40.807519E-03
-4.462500E-03,+0.0E+00,-43.573570E-03
-4.455000E-03,-19.356522E-03,-32.477305E-03
-4.447500E-03,+0.0E+00,-27.638175E-03
-4.440000E-03,-69.413597E-03,-47.738677E-03
-4.432500E-03,-33.396647E-03,-27.638175E-03
-4.425000E-03,+0.0E+00,-28.293250E-03
-4.417500E-03,+0.0E+00,-38.079364E-03
-4.410000E-03,+0.0E+00,-30.512078E-03
-4.402500E-03,-80.402009E-03,-47.738677E-03
-4.395000E-03,+0.0E+00,-31.167154E-03
-4.387500E-03,-58.500976E-03,-42.263419E-03
-4.380000E-03,+0.0E+00,-33.259181E-03
-4.372500E-03,-66.869085E-03,-47.738677E-03
-4.365000E-03,+0.0E+00,-27.638175E-03
-4.357500E-03,+0.0E+00,-46.447473E-03
-4.350000E-03,+0.0E+00,-47.738677E-03
-4.342500E-03,-3.203295E-03,-67.038355E-03
-4.335000E-03,-32.813655E-03,-27.638175E-03
-4.327500E-03,+0.0E+00,-27.638175E-03
-4.320000E-03,+0.0E+00,-41.627291E-03
-4.312500E-03,-19.939514E-03,-47.738677E-03
-4.305000E-03,-80.402009E-03,-59.800461E-03
-4.297500E-03,+0.0E+00,-40.661771E-03
-4.290000E-03,+0.0E+00,-29.565506E-03
-4.282500E-03,+0.0E+00,-47.738677E-03
-4.275000E-03,-79.743226E-03,-47.573981E-03
-4.267500E-03,-35.358166E-03,-47.738677E-03
-4.260000E-03,+0.0E+00,-29.894898E-03
-4.252500E-03,-26.990057E-03,-47.738677E-03
-4.245000E-03,+0.0E+00,-47.738677E-03
-4.237500E-03,+0.0E+00,-47.738677E-03
-4.230000E-03,+0.0E+00,-27.638175E-03
-4.222500E-03,+0.0E+00,-47.738677E-03
-4.215000E-03,-80.402009E-03,-39.205871E-03
-4.207500E-03,-1.885728E-03,-47.738677E-03
-4.200000E-03,-37.902678E-03,-47.738677E-03
-4.192500E-03,+0.0E+00,-27.638175E-03
-4.185000E-03,-29.534568E-03,-14.921314E-03
-4.177500E-03,-65.551518E-03,-47.738677E-03
-4.170000E-03,-59.235550E-03,-32.929789E-03
-4.162500E-03,-80.402009E-03,-47.738677E-03
-4.155000E-03,+0.0E+00,-30.837762E-03
-4.147500E-03,+0.0E+00,-27.638175E-03
-4.140000E-03,-80.402009E-03,-47.738677E-03
-4.132500E-03,+0.0E+00,-37.626880E-03
-4.125000E-03,+0.0E+00,-46.754209E-03
-4.117500E-03,+0.0E+00,-47.738677E-03
-4.110000E-03,+0.0E+00,-44.662182E-03
-4.102500E-03,+0.0E+00,-53.666419E-03
-4.095000E-03,-20.674089E-03,-42.570155E-03
-4.087500E-03,-65.059148E-03,-27.638175E-03
-4.080000E-03,+0.0E+00,-47.738677E-03
-4.072500E-03,+0.0E+00,-45.994989E-03
-4.065000E-03,+0.0E+00,-38.386100E-03
-4.057500E-03,+0.0E+00,-27.638175E-03
-4.050000E-03,-45.778418E-03,-47.738677E-03
-4.042500E-03,-9.761468E-03,-47.738677E-03
-4.035000E-03,+0.0E+00,-41.174806E-03
-4.027500E-03,-18.129577E-03,-63.306785E-03
-4.020000E-03,-62.514637E-03,-32.110018E-03
-4.012500E-03,+0.0E+00,-34.262596E-03
-4.005000E-03,+0.0E+00,-30.017990E-03
-3.997500E-03,+0.0E+00,-47.738677E-03
-3.990000E-03,+0.0E+00,-47.738677E-03
-3.982500E-03,+0.0E+00,-36.930200E-03
-3.975000E-03,+0.0E+00,-47.738677E-03
-3.967500E-03,+0.0E+00,-47.738677E-03
-3.960000E-03,+0.0E+00,-43.842410E-03
-3.952500E-03,+0.0E+00,-32.746146E-03
-3.945000E-03,-23.953175E-03,-33.626468E-03
-3.937500E-03,+0.0E+00,-30.654118E-03
-3.930000E-03,-32.321285E-03,-39.658356E-03
-3.922500E-03,-76.706344E-03,-46.814761E-03
-3.915000E-03,+0.0E+00,-57.666831E-03
-3.907500E-03,-4.672445E-03,-28.806286E-03
-3.900000E-03,-49.057504E-03,-39.902551E-03
-3.892500E-03,+0.0E+00,-47.738677E-03
-3.885000E-03,+57.425613E-03,-47.738677E-03
-3.877500E-03,+0.0E+00,-32.990340E-03
-3.870000E-03,+0.0E+00,-47.738677E-03
-3.862500E-03,-50.625236E-03,-55.182870E-03
-3.855000E-03,+0.0E+00,-47.738677E-03
-3.847500E-03,+0.0E+00,-27.638175E-03
-3.840000E-03,-78.274076E-03,-47.206694E-03
-3.832500E-03,+0.0E+00,-47.738677E-03
-3.825000E-03,+0.0E+00,-47.738677E-03
-3.817500E-03,+0.0E+00,-34.018401E-03
-3.810000E-03,+0.0E+00,-27.638175E-03
-3.802500E-03,+0.0E+00,-47.738677E-03
-3.795000E-03,-53.169748E-03,-40.930612E-03
-3.787500E-03,-8.784688E-03,-47.738677E-03
-3.780000E-03,+0.0E+00,-38.838584E-03
-3.772500E-03,-416.579E-06,-7.641817E-03
-3.765000E-03,+0.0E+00,-38.630295E-03
-3.757500E-03,+0.0E+00,-45.750794E-03
-3.750000E-03,+0.0E+00,-27.638175E-03
-3.742500E-03,-64.082369E-03,-47.738677E-03
-3.735000E-03,-80.402009E-03,-47.738677E-03
-3.727500E-03,-24.687750E-03,-47.738677E-03
-3.720000E-03,+0.0E+00,-47.738677E-03
-3.712500E-03,-33.055859E-03,-39.474712E-03
-3.705000E-03,+0.0E+00,-46.998404E-03
-3.697500E-03,-38.978040E-03,-37.382685E-03
-3.690000E-03,+0.0E+00,-46.386922E-03
-3.682500E-03,+0.0E+00,-35.290657E-03
-3.675000E-03,+0.0E+00,-44.294895E-03
-3.667500E-03,-58.160188E-03,-47.738677E-03
-3.660000E-03,+0.0E+00,-18.609291E-03
-3.652500E-03,+0.0E+00,-27.638175E-03
-3.645000E-03,-80.402009E-03,-22.793346E-03
-3.637500E-03,-74.896407E-03,-29.014575E-03
-3.630000E-03,+0.0E+00,-47.738677E-03
-3.622500E-03,-77.539502E-03,-47.738677E-03
-3.615000E-03,+0.0E+00,-27.638175E-03
-3.607500E-03,-11.230617E-03,-27.638175E-03
-3.600000E-03,+0.0E+00,-33.834758E-03
-3.592500E-03,-19.598727E-03,-47.738677E-03
-3.585000E-03,-16.418223E-03,-47.738677E-03
-3.577500E-03,-27.966836E-03,-40.746968E-03
-3.570000E-03,-8.050114E-03,-45.726148E-03
-3.562500E-03,+0.0E+00,-47.738677E-03
-3.555000E-03,+0.0E+00,-27.717674E-03
-3.547500E-03,+44.703055E-03,-36.562913E-03
-3.540000E-03,-8.686105E-03,-29.809701E-03
-3.532500E-03,+0.0E+00,-34.470886E-03
-3.525000E-03,-63.347794E-03,-43.475123E-03
-3.517500E-03,+0.0E+00,-32.378858E-03
-3.510000E-03,-25.422325E-03,-33.993756E-03
-3.502500E-03,-59.212759E-03,-30.286831E-03
-3.495000E-03,+0.0E+00,-36.085783E-03
-3.487500E-03,+0.0E+00,-27.638175E-03
-3.480000E-03,+0.0E+00,-37.199041E-03
-3.472500E-03,+0.0E+00,-47.738677E-03
-3.465000E-03,-50.526653E-03,-47.738677E-03
-3.457500E-03,+0.0E+00,-14.792524E-03
-3.450000E-03,+0.0E+00,-42.361865E-03
-3.442500E-03,+34.646383E-03,-47.738677E-03
-3.435000E-03,+0.0E+00,-44.453893E-03
-3.427500E-03,-49.156087E-03,-35.449655E-03
-3.420000E-03,+75.630982E-03,-47.738677E-03
-3.412500E-03,+0.0E+00,-37.835169E-03
-3.405000E-03,+0.0E+00,-47.738677E-03
-3.397500E-03,+0.0E+00,-27.638175E-03
-3.390000E-03,+0.0E+00,-44.747379E-03
-3.382500E-03,-56.350251E-03,-47.738677E-03
-3.375000E-03,+0.0E+00,-32.721500E-03
-3.367500E-03,+0.0E+00,-43.817765E-03
-3.360000E-03,-51.700598E-03,-34.813527E-03
-3.352500E-03,+0.0E+00,-45.909792E-03
-3.345000E-03,+0.0E+00,-47.738677E-03
-3.337500E-03,-78.296868E-03,-47.475534E-03
-3.330000E-03,+0.0E+00,-27.638175E-03
-3.322500E-03,-70.981329E-03,-47.738677E-03
-3.315000E-03,+0.0E+00,-34.287242E-03
-3.307500E-03,+0.0E+00,-47.738677E-03
-3.300000E-03,+0.0E+00,-47.738677E-03
-3.292500E-03,-26.156899E-03,-27.638175E-03
-3.285000E-03,-70.541959E-03,-45.273664E-03
-3.277500E-03,-45.877000E-03,-39.107425E-03
-3.270000E-03,-1.491941E-03,-27.638175E-03
-3.262500E-03,+0.0E+00,-49.084734E-03
-3.255000E-03,+0.0E+00,-47.738677E-03
-3.247500E-03,+0.0E+00,-47.738677E-03
-3.240000E-03,+0.0E+00,-47.738677E-03
-3.232500E-03,+0.0E+00,-47.738677E-03
-3.225000E-03,+0.0E+00,-47.738677E-03
-3.217500E-03,+0.0E+00,-61.636898E-03
-3.210000E-03,+0.0E+00,-35.633299E-03
-3.202500E-03,-4.036453E-03,-47.738677E-03
-3.195000E-03,-40.053403E-03,-37.651525E-03
-3.187500E-03,+0.0E+00,-28.721089E-03
-3.180000E-03,+0.0E+00,-47.738677E-03
-3.172500E-03,+0.0E+00,-44.563735E-03
-3.165000E-03,+0.0E+00,-33.467470E-03
-3.157500E-03,+0.0E+00,-32.905144E-03
-3.150000E-03,+0.0E+00,-31.375443E-03
-3.142500E-03,-80.402009E-03,-34.997171E-03
-3.135000E-03,+0.0E+00,-27.638175E-03
-3.127500E-03,-37.804095E-03,-37.089198E-03
-3.120000E-03,-78.614864E-03,-47.291891E-03
-3.112500E-03,-34.229805E-03,-39.181226E-03
-3.105000E-03,-70.246754E-03,-30.176988E-03
-3.097500E-03,+0.0E+00,-34.103598E-03
-3.090000E-03,+0.0E+00,-43.107836E-03
-3.082500E-03,-80.402009E-03,-43.365281E-03
-3.075000E-03,-26.891474E-03,-47.738677E-03
-3.067500E-03,+0.0E+00,-29.919544E-03
-3.060000E-03,+0.0E+00,-47.738677E-03
-3.052500E-03,+0.0E+00,-27.638175E-03
-3.045000E-03,+0.0E+00,-38.545098E-03
-3.037500E-03,-80.402009E-03,-29.540860E-03
-3.030000E-03,-28.406207E-03,-47.738677E-03
-3.022500E-03,+0.0E+00,-31.632888E-03
-3.015000E-03,-20.038097E-03,-27.638175E-03
-3.007500E-03,-80.402009E-03,-33.724915E-03
-3.000000E-03,+0.0E+00,-47.738677E-03
-2.992500E-03,-47.686937E-03,-39.559909E-03
-2.985000E-03,+0.0E+00,-47.738677E-03
-2.977500E-03,+0.0E+00,-27.638175E-03
-2.970000E-03,+0.0E+00,-46.472119E-03
-2.962500E-03,+0.0E+00,-27.638175E-03
-2.955000E-03,+0.0E+00,-30.996760E-03
-2.947500E-03,-22.582609E-03,-42.093025E-03
-2.940000E-03,-80.402009E-03,-42.288064E-03
-2.932500E-03,+0.0E+00,-47.738677E-03
-2.925000E-03,-20.060889E-03,-27.638175E-03
-2.917500E-03,-74.555619E-03,-27.638175E-03
-2.910000E-03,+0.0E+00,-38.104009E-03
-2.902500E-03,+0.0E+00,-28.268605E-03
-2.895000E-03,-33.495230E-03,-27.638175E-03
-2.887500E-03,+0.0E+00,-42.293762E-03
-2.880000E-03,+0.0E+00,-47.738677E-03
-2.872500E-03,+0.0E+00,-47.738677E-03
-2.865000E-03,+0.0E+00,-31.827927E-03
-2.857500E-03,+0.0E+00,-40.832165E-03
-2.850000E-03,+0.0E+00,-47.738677E-03
-2.842500E-03,-35.994158E-03,-47.738677E-03
-2.835000E-03,+0.0E+00,-67.833481E-03
-2.827500E-03,+0.0E+00,-36.648110E-03
-2.820000E-03,+0.0E+00,-47.738677E-03
-2.812500E-03,+0.0E+00,-47.738677E-03
-2.805000E-03,+0.0E+00,-31.816531E-03
-2.797500E-03,+0.0E+00,-47.738677E-03
-2.790000E-03,+0.0E+00,-13.808057E-03
-2.782500E-03,-80.402009E-03,-45.004824E-03
-2.775000E-03,-46.952363E-03,-39.376265E-03
-2.767500E-03,+0.0E+00,-47.738677E-03
-2.760000E-03,-38.584253E-03,-27.638175E-03
-2.752500E-03,+0.0E+00,-47.738677E-03
-2.745000E-03,+0.0E+00,-40.184641E-03
-2.737500E-03,+0.0E+00,-31.180404E-03
-2.730000E-03,+0.0E+00,-33.100183E-03
-2.722500E-03,-57.864984E-03,-33.272431E-03
-2.715000E-03,-66.922085E-03,-31.008156E-03
-2.707500E-03,+0.0E+00,-27.638175E-03
-2.700000E-03,+0.0E+00,-47.738677E-03
-2.692500E-03,-39.273244E-03,-37.456486E-03
-2.685000E-03,-77.145715E-03,-28.452248E-03
-2.677500E-03,+0.0E+00,-39.548513E-03
-2.670000E-03,+0.0E+00,-30.544276E-03
-2.662500E-03,-24.392546E-03,-41.640540E-03
-2.655000E-03,-60.409496E-03,-47.738677E-03
-2.647500E-03,+0.0E+00,-43.732568E-03
-2.640000E-03,+0.0E+00,-34.728330E-03
-2.632500E-03,+0.0E+00,-27.638175E-03
-2.625000E-03,-36.728733E-03,-47.738677E-03
-2.617500E-03,-711.783E-06,-27.816120E-03
-2.610000E-03,-45.096842E-03,-38.912385E-03
-2.602500E-03,-80.402009E-03,-47.738677E-03
-2.595000E-03,+0.0E+00,-41.004413E-03
-2.587500E-03,+0.0E+00,-47.738677E-03
-2.580000E-03,-80.402009E-03,-32.280412E-03
-2.572500E-03,-54.585898E-03,-34.092202E-03
-2.565000E-03,+0.0E+00,-47.738677E-03
-2.557500E-03,+12.033567E-03,-47.738677E-03
-2.550000E-03,-1.832729E-03,-28.096357E-03
-2.542500E-03,+0.0E+00,-47.738677E-03
-2.535000E-03,-73.866628E-03,-46.104832E-03
-2.527500E-03,+0.0E+00,-40.368285E-03
-2.520000E-03,+0.0E+00,-27.638175E-03
-2.512500E-03,+0.0E+00,-47.738677E-03
-2.505000E-03,+0.0E+00,-53.556577E-03
-2.497500E-03,+0.0E+00,-30.824512E-03
-2.490000E-03,-48.762300E-03,-47.738677E-03
-2.482500E-03,-76.024769E-03,-28.732485E-03
-2.475000E-03,+0.0E+00,-47.738677E-03
-2.467500E-03,+0.0E+00,-28.635892E-03
-2.460000E-03,-48.375929E-03,-47.738677E-03
-2.452500E-03,-12.358979E-03,-47.738677E-03
-2.445000E-03,-23.657971E-03,-33.552667E-03
-2.437500E-03,-59.674921E-03,-22.456403E-03
-2.430000E-03,-65.112148E-03,-47.738677E-03
-2.422500E-03,+0.0E+00,-47.738677E-03
-2.415000E-03,+0.0E+00,-47.738677E-03
-2.407500E-03,-37.463307E-03,-38.372850E-03
-2.400000E-03,+0.0E+00,-27.638175E-03
-2.392500E-03,-45.831417E-03,-47.738677E-03
-2.385000E-03,-9.814467E-03,-45.285060E-03
-2.377500E-03,+0.0E+00,-41.188056E-03
-2.370000E-03,+0.0E+00,-47.738677E-03
-2.362500E-03,-17.834373E-03,-32.096768E-03
-2.355000E-03,+0.0E+00,-27.638175E-03
-2.347500E-03,+0.0E+00,-45.372111E-03
-2.340000E-03,+0.0E+00,-36.367874E-03
-2.332500E-03,-80.402009E-03,-47.738677E-03
-2.325000E-03,-37.115104E-03,-38.459901E-03
-2.317500E-03,+0.0E+00,-47.738677E-03
-2.310000E-03,-28.746994E-03,-47.738677E-03
-2.302500E-03,+0.0E+00,-31.547691E-03
-2.295000E-03,+0.0E+00,-27.638175E-03
-2.287500E-03,+0.0E+00,-47.738677E-03
-2.280000E-03,-80.402009E-03,-44.735983E-03
-2.272500E-03,-32.374284E-03,-47.738677E-03
-2.265000E-03,+0.0E+00,-46.828010E-03
-2.257500E-03,-40.742394E-03,-27.638175E-03
-2.250000E-03,+0.0E+00,-27.638175E-03
-2.242500E-03,+0.0E+00,-52.193426E-03
-2.235000E-03,-13.093553E-03,-30.911563E-03
-2.227500E-03,-80.402009E-03,-33.369024E-03
-2.220000E-03,+0.0E+00,-47.738677E-03
-2.212500E-03,+0.0E+00,-27.638175E-03
-2.205000E-03,+0.0E+00,-40.281234E-03
-2.197500E-03,-6.187177E-03,-47.738677E-03
-2.190000E-03,-42.204127E-03,-48.740238E-03
-2.182500E-03,-2.180932E-03,-28.183408E-03
-2.175000E-03,+0.0E+00,-36.097179E-03
-2.167500E-03,-69.852967E-03,-45.101416E-03
-2.160000E-03,+0.0E+00,-41.371700E-03
-2.152500E-03,-61.484858E-03,-43.009389E-03
-2.145000E-03,+0.0E+00,-27.638175E-03
-2.137500E-03,+0.0E+00,-47.738677E-03
-2.130000E-03,+0.0E+00,-45.555755E-03
-2.122500E-03,-35.653370E-03,-47.738677E-03
-2.115000E-03,+0.0E+00,-27.729069E-03
-2.107500E-03,-80.402009E-03,-47.738677E-03
-2.100000E-03,+0.0E+00,-47.738677E-03
-2.092500E-03,+0.0E+00,-40.735572E-03
-2.085000E-03,+0.0E+00,-43.645517E-03
-2.077500E-03,+0.0E+00,-27.638175E-03
-2.070000E-03,+0.0E+00,-47.738677E-03
-2.062500E-03,+0.0E+00,-44.919627E-03
-2.055000E-03,+14.184292E-03,-27.638175E-03
-2.047500E-03,+0.0E+00,-28.365197E-03
-2.040000E-03,+0.0E+00,-38.007417E-03
-2.032500E-03,+0.0E+00,-29.003179E-03
-2.025000E-03,+0.0E+00,-40.099444E-03
-2.017500E-03,-13.828128E-03,-47.738677E-03
-2.010000E-03,+0.0E+00,-27.638175E-03
-2.002500E-03,-80.402009E-03,-33.187234E-03
-1.995000E-03,-80.402009E-03,-44.283499E-03
-1.987500E-03,-30.564347E-03,-35.279261E-03
-1.980000E-03,+0.0E+00,-29.001325E-03
-1.972500E-03,-38.932457E-03,-38.005563E-03
-1.965000E-03,-77.486502E-03,-47.738677E-03
-1.957500E-03,+0.0E+00,-47.738677E-03
-1.950000E-03,+11.283616E-03,-27.638175E-03
-1.942500E-03,-24.733333E-03,-41.555344E-03
-1.935000E-03,+0.0E+00,-42.825745E-03
-1.927500E-03,+0.0E+00,-31.729481E-03
-1.920000E-03,+0.0E+00,-34.643133E-03
-1.912500E-03,+0.0E+00,-29.637453E-03
-1.905000E-03,-36.387945E-03,-45.832147E-03
-1.897500E-03,-79.660019E-03,-27.823672E-03
-1.890000E-03,+0.0E+00,-27.638175E-03
-1.882500E-03,+0.0E+00,-47.738677E-03
-1.875000E-03,+0.0E+00,-34.457636E-03
-1.867500E-03,-80.402009E-03,-27.638175E-03
-1.860000E-03,+0.0E+00,-27.638175E-03
-1.852500E-03,+0.0E+00,-41.369846E-03
-1.845000E-03,+0.0E+00,-30.273581E-03
-1.837500E-03,+0.0E+00,-27.638175E-03
-1.830000E-03,+0.0E+00,-27.638175E-03
-1.822500E-03,-42.211543E-03,-27.638175E-03
-1.815000E-03,+0.0E+00,-29.186823E-03
-1.807500E-03,+0.0E+00,-47.738677E-03
-1.800000E-03,-65.839307E-03,-47.738677E-03
-1.792500E-03,-21.454247E-03,-33.001736E-03
-1.785000E-03,-22.930812E-03,-47.738677E-03
-1.777500E-03,+0.0E+00,-47.738677E-03
-1.770000E-03,+0.0E+00,-39.913946E-03
-1.762500E-03,-75.683981E-03,-46.559170E-03
-1.755000E-03,+0.0E+00,-37.554932E-03
-1.747500E-03,+0.0E+00,-46.826157E-03
-1.740000E-03,+0.0E+00,-27.638175E-03
-1.732500E-03,-68.383818E-03,-47.738677E-03
-1.725000E-03,-56.403250E-03,-41.738987E-03
-1.717500E-03,+0.0E+00,-12.634247E-03
-1.710000E-03,+0.0E+00,-47.738677E-03
-1.702500E-03,+0.0E+00,-47.738677E-03
-1.695000E-03,+0.0E+00,-29.453810E-03
-1.687500E-03,-43.279490E-03,-36.918805E-03
-1.680000E-03,-1.105570E-03,-27.914567E-03
-1.672500E-03,+0.0E+00,-47.738677E-03
-1.665000E-03,-61.454650E-03,-47.738677E-03
-1.657500E-03,+0.0E+00,-34.273992E-03
-1.650000E-03,+17.841789E-03,-43.278230E-03
-1.642500E-03,+0.0E+00,-47.738677E-03
-1.635000E-03,+0.0E+00,-47.738677E-03
-1.627500E-03,-70.594958E-03,-27.638175E-03
-1.620000E-03,-45.824001E-03,-36.282677E-03
-1.612500E-03,+0.0E+00,-86.860475E-03
-1.605000E-03,+0.0E+00,-27.638175E-03
-1.597500E-03,-6.929168E-03,-27.638175E-03
-1.590000E-03,+0.0E+00,-27.638175E-03
-1.582500E-03,+0.0E+00,-47.738677E-03
-1.575000E-03,+0.0E+00,-47.738677E-03
-1.567500E-03,-23.665387E-03,-33.554521E-03
-1.560000E-03,-12.351563E-03,-30.726065E-03
-1.552500E-03,+0.0E+00,-35.646549E-03
-1.545000E-03,-76.418556E-03,-28.634038E-03
-1.537500E-03,-40.000403E-03,-27.638175E-03
-1.530000E-03,-4.384656E-03,-44.450185E-03
-1.522500E-03,+0.0E+00,-47.738677E-03
-1.515000E-03,+0.0E+00,-30.826366E-03
-1.507500E-03,-23.264184E-03,-33.454221E-03
-1.500000E-03,+0.0E+00,-42.458458E-03
-1.492500E-03,+0.0E+00,-47.738677E-03
-1.485000E-03,-80.402009E-03,-35.010421E-03
-1.477500E-03,-80.402009E-03,-29.270166E-03
-1.470000E-03,+0.0E+00,-47.738677E-03
-1.462500E-03,+0.0E+00,-47.278641E-03
-1.455000E-03,-46.225204E-03,-36.182376E-03
-1.447500E-03,+0.0E+00,-45.186613E-03
-1.440000E-03,-25.808696E-03,-27.638175E-03
-1.432500E-03,+0.0E+00,-47.738677E-03
-1.425000E-03,+0.0E+00,-43.378530E-03
-1.417500E-03,-53.457536E-03,-34.374293E-03
-1.410000E-03,-9.072477E-03,-47.738677E-03
-1.402500E-03,-45.089426E-03,-38.910531E-03
-1.395000E-03,+0.0E+00,-27.814266E-03
-1.387500E-03,+0.0E+00,-36.818504E-03
-1.380000E-03,+0.0E+00,-47.738677E-03
-1.372500E-03,-52.048802E-03,-34.726476E-03
-1.365000E-03,+0.0E+00,-27.638175E-03
-1.357500E-03,-19.985098E-03,-47.738677E-03
-1.350000E-03,-56.002048E-03,-41.638687E-03
-1.342500E-03,-68.785021E-03,-27.638175E-03
-1.335000E-03,-47.633938E-03,-47.738677E-03
-1.327500E-03,+0.0E+00,-47.738677E-03
-1.320000E-03,+0.0E+00,-37.922220E-03
-1.312500E-03,-75.282778E-03,-46.458869E-03
-1.305000E-03,+0.0E+00,-40.014247E-03
-1.297500E-03,+0.0E+00,-31.010010E-03
-1.290000E-03,+0.0E+00,-56.574374E-03
-1.282500E-03,+0.0E+00,-42.274814E-03
-1.275000E-03,+0.0E+00,-44.198302E-03
-1.267500E-03,-30.223559E-03,-47.738677E-03
-1.260000E-03,+0.0E+00,-47.738677E-03
-1.252500E-03,+0.0E+00,-37.286092E-03
-1.245000E-03,+0.0E+00,-28.281854E-03
-1.237500E-03,+0.0E+00,-27.638175E-03
-1.230000E-03,+0.0E+00,-30.373882E-03
-1.222500E-03,-55.327888E-03,-47.738677E-03
-1.215000E-03,-61.091071E-03,-32.465909E-03
-1.207500E-03,+0.0E+00,-27.638175E-03
-1.200000E-03,+0.0E+00,-47.738677E-03
-1.192500E-03,+0.0E+00,-45.654201E-03
-1.185000E-03,-36.047157E-03,-36.649964E-03
-1.177500E-03,+0.0E+00,-27.638175E-03
-1.170000E-03,+0.0E+00,-47.738677E-03
-1.162500E-03,-72.003692E-03,-29.737754E-03
-1.155000E-03,+0.0E+00,-47.738677E-03
-1.147500E-03,-63.635583E-03,-43.547070E-03
-1.140000E-03,-19.250523E-03,-27.638175E-03
-1.132500E-03,+0.0E+00,-41.455043E-03
-1.125000E-03,-69.519596E-03,-47.738677E-03
-1.117500E-03,+0.0E+00,-36.013836E-03
-1.110000E-03,+0.0E+00,-28.266751E-03
-1.102500E-03,+0.0E+00,-47.738677E-03
-1.095000E-03,+0.0E+00,-29.101626E-03
-1.087500E-03,+0.0E+00,-27.638175E-03
-1.080000E-03,-14.221915E-03,-31.193653E-03
-1.072500E-03,-80.402009E-03,-42.289918E-03
-1.065000E-03,-22.590025E-03,-47.738677E-03
-1.057500E-03,-13.426925E-03,-27.638175E-03
-1.050000E-03,-49.443875E-03,-47.738677E-03
-1.042500E-03,-80.402009E-03,-47.738677E-03
-1.035000E-03,-39.326244E-03,-27.638175E-03
-1.027500E-03,-3.309294E-03,-46.911353E-03
-1.020000E-03,-32.707656E-03,-39.561763E-03
-1.012500E-03,-11.677403E-03,-30.557525E-03
-1.005000E-03,-56.062463E-03,-33.723061E-03
-997.500E-06,-20.045513E-03,-42.727299E-03
-990.000E-06,+0.0E+00,-27.638175E-03
-982.500E-06,+0.0E+00,-47.738677E-03
-975.000E-06,+0.0E+00,-47.738677E-03
-967.500E-06,+0.0E+00,-56.934110E-03
-960.000E-06,+0.0E+00,-27.829370E-03
-952.500E-06,-45.149842E-03,-47.738677E-03
-945.000E-06,+0.0E+00,-47.738677E-03
-937.500E-06,+0.0E+00,-47.738677E-03
-930.000E-06,-62.901008E-03,-43.363427E-03
-922.500E-06,+0.0E+00,-27.638175E-03
-915.000E-06,+0.0E+00,-54.205955E-03
-907.500E-06,-10.147839E-03,-50.275637E-03
-900.000E-06,-46.164789E-03,-36.197480E-03
-892.500E-06,-80.402009E-03,-28.083107E-03
-885.000E-06,+0.0E+00,-47.738677E-03
-877.500E-06,+0.0E+00,-29.285270E-03
-870.000E-06,-50.973439E-03,-40.381534E-03
-862.500E-06,-14.956490E-03,-47.738677E-03
-855.000E-06,+0.0E+00,-27.638175E-03
-847.500E-06,+0.0E+00,-41.907527E-03
-840.000E-06,+0.0E+00,-47.738677E-03
-832.500E-06,+0.0E+00,-47.738677E-03
-825.000E-06,+0.0E+00,-27.638175E-03
-817.500E-06,+0.0E+00,-27.638175E-03
-810.000E-06,+0.0E+00,-28.649142E-03
-802.500E-06,+0.0E+00,-47.738677E-03
-795.000E-06,-12.411978E-03,-44.635682E-03
-787.500E-06,+0.0E+00,-61.937936E-03
-780.000E-06,+0.0E+00,-42.543655E-03
-772.500E-06,+0.0E+00,-47.738677E-03
-765.000E-06,+0.0E+00,-66.078534E-03
-757.500E-06,+0.0E+00,-29.355363E-03
-750.000E-06,+0.0E+00,-37.017251E-03
-742.500E-06,-1.499357E-03,-47.738677E-03
-735.000E-06,-34.517593E-03,-36.267573E-03
-727.500E-06,+0.0E+00,-27.638175E-03
-720.000E-06,-26.149483E-03,-27.638175E-03
-712.500E-06,+0.0E+00,-32.197069E-03
-705.000E-06,-80.402009E-03,-43.293333E-03
-697.500E-06,-26.603685E-03,-61.188258E-03
-690.000E-06,+0.0E+00,-29.991491E-03
-682.500E-06,-80.402009E-03,-27.638175E-03
-675.000E-06,-80.402009E-03,-47.477388E-03
-667.500E-06,+0.0E+00,-36.903701E-03
-660.000E-06,-7.322955E-03,-27.638175E-03
-652.500E-06,+0.0E+00,-53.492182E-03
-645.000E-06,+0.0E+00,-31.560941E-03
-637.500E-06,-20.325886E-03,-42.657206E-03
-630.000E-06,+0.0E+00,-47.738677E-03
-622.500E-06,+0.0E+00,-30.627619E-03
-615.000E-06,+0.0E+00,-27.638175E-03
-607.500E-06,-76.812343E-03,-46.841260E-03
-600.000E-06,-40.795393E-03,-37.837023E-03
-592.500E-06,+0.0E+00,-27.638175E-03
-585.000E-06,+0.0E+00,-52.219926E-03
-577.500E-06,-13.146553E-03,-27.638175E-03
-570.000E-06,+0.0E+00,-42.021078E-03
-562.500E-06,+0.0E+00,-47.738677E-03
-555.000E-06,-65.899722E-03,-44.113105E-03
-547.500E-06,+0.0E+00,-40.267984E-03
-540.000E-06,+0.0E+00,-29.171719E-03
-532.500E-06,+0.0E+00,-47.738677E-03
-525.000E-06,+0.0E+00,-47.738677E-03
-517.500E-06,-33.783018E-03,-47.738677E-03
-510.000E-06,-80.402009E-03,-62.538159E-03
-502.500E-06,-25.414909E-03,-41.384950E-03
-495.000E-06,+0.0E+00,-27.638175E-03
-487.500E-06,-63.355210E-03,-31.899874E-03
-480.000E-06,-27.338260E-03,-27.638175E-03
-472.500E-06,-71.723319E-03,-47.738677E-03
-465.000E-06,+0.0E+00,-36.564767E-03
-457.500E-06,-80.402009E-03,-27.793465E-03
-450.000E-06,-80.402009E-03,-47.738677E-03
-442.500E-06,-8.057529E-03,-29.652557E-03
-435.000E-06,+0.0E+00,-47.738677E-03
-427.500E-06,+0.0E+00,-43.632267E-03
-420.000E-06,+0.0E+00,-42.840849E-03
-412.500E-06,+0.0E+00,-41.540240E-03
-405.000E-06,-69.178808E-03,-30.443975E-03
-397.500E-06,-80.402009E-03,-39.448212E-03
-390.000E-06,+0.0E+00,-28.351948E-03
-382.500E-06,+0.0E+00,-38.020666E-03
-375.000E-06,-5.513018E-03,-46.360422E-03
-367.500E-06,-30.503932E-03,-40.112694E-03
-360.000E-06,-13.881127E-03,-44.268395E-03
-352.500E-06,+0.0E+00,-42.204721E-03
-345.000E-06,+0.0E+00,-47.738677E-03
-337.500E-06,-66.634296E-03,-37.412892E-03
-330.000E-06,+30.617346E-03,-47.738677E-03
-322.500E-06,-5.399603E-03,-28.988075E-03
-315.000E-06,-38.985456E-03,-37.992313E-03
-307.500E-06,-80.402009E-03,-28.380301E-03
-300.000E-06,+0.0E+00,-47.738677E-03
-292.500E-06,+0.0E+00,-30.472329E-03
-285.000E-06,+0.0E+00,-47.738677E-03
-277.500E-06,+0.0E+00,-27.638175E-03
-270.000E-06,+0.0E+00,-47.738677E-03
-262.500E-06,+0.0E+00,-40.720468E-03
-255.000E-06,+0.0E+00,-29.624203E-03
-247.500E-06,-43.961065E-03,-56.848913E-03
-240.000E-06,-423.994E-06,-27.744173E-03
-232.500E-06,-44.809054E-03,-36.536413E-03
-225.000E-06,+0.0E+00,-27.638175E-03
-217.500E-06,+0.0E+00,-34.444386E-03
-210.000E-06,+0.0E+00,-36.218281E-03
-202.500E-06,+0.0E+00,-32.352359E-03
-195.000E-06,-25.528323E-03,-34.020255E-03
-187.500E-06,-69.913383E-03,-47.738677E-03
-180.000E-06,+0.0E+00,-47.738677E-03
-172.500E-06,+0.0E+00,-47.738677E-03
-165.000E-06,+0.0E+00,-37.172541E-03
-157.500E-06,+0.0E+00,-46.176779E-03
-150.000E-06,+0.0E+00,-35.080514E-03
-142.500E-06,-65.786307E-03,-47.738677E-03
-135.000E-06,-59.000761E-03,-42.388365E-03
-127.500E-06,+0.0E+00,-47.738677E-03
-120.000E-06,+0.0E+00,-44.480392E-03
-112.500E-06,-49.050088E-03,-47.738677E-03
-105.000E-06,+0.0E+00,-8.703929E-03
-97.500E-06,+0.0E+00,-27.638175E-03
-90.000E-06,-76.698928E-03,-27.638175E-03
-82.500E-06,-32.313869E-03,-47.738677E-03
-75.000E-06,-68.330819E-03,-30.655972E-03
-67.500E-06,-23.945759E-03,-33.624614E-03
-60.000E-06,-59.962709E-03,-47.738677E-03
-52.500E-06,+0.0E+00,-27.638175E-03
-45.000E-06,+0.0E+00,-34.840027E-03
-37.500E-06,+0.0E+00,-27.638175E-03
-30.000E-06,-37.175519E-03,-47.738677E-03
-22.500E-06,+0.0E+00,-27.927817E-03
-15.000E-06,+0.0E+00,-36.352770E-03
-7.500E-06,-9.526679E-03,-47.738677E-03
+0.0E+00,+2.210381261E+00,-27.638175E-03
+7.500E-06,+3.296482377E+00,-43.264980E-03
+15.000E-06,+3.278360215E+00,-32.168715E-03
+22.500E-06,+3.242343265E+00,-34.203899E-03
+30.000E-06,+3.296482377E+00,-47.738677E-03
+37.500E-06,+3.296482377E+00,-27.638175E-03
+45.000E-06,+3.296482377E+00,-27.984660E-03
+52.500E-06,+3.290886152E+00,-36.988898E-03
+60.000E-06,+3.296482377E+00,-45.993135E-03
+67.500E-06,+3.296482377E+00,-47.738677E-03
+75.000E-06,+3.296482377E+00,-15.212811E-03
+82.500E-06,+3.236747041E+00,-42.572009E-03
+90.000E-06,+3.296482377E+00,-47.738677E-03
+97.500E-06,+3.296482377E+00,-30.712816E-03
+105.000E-06,+3.296482377E+00,-35.659799E-03
+112.500E-06,+3.296482377E+00,-47.738677E-03
+120.000E-06,+3.296482377E+00,-37.751826E-03
+127.500E-06,+3.296482377E+00,-46.629263E-03
+135.000E-06,+3.296482377E+00,-35.532998E-03
+142.500E-06,+3.228886133E+00,-30.839616E-03
+150.000E-06,+3.296482377E+00,-47.738677E-03
+157.500E-06,+3.237254242E+00,-32.931643E-03
+165.000E-06,+3.296482377E+00,-31.348943E-03
+172.500E-06,+3.296482377E+00,-35.023671E-03
+180.000E-06,+3.296482377E+00,-47.738677E-03
+187.500E-06,+3.338974292E+00,-38.261153E-03
+195.000E-06,+3.296482377E+00,-47.738677E-03
+202.500E-06,+3.250204174E+00,-39.207725E-03
+210.000E-06,+3.296482377E+00,-47.738677E-03
+217.500E-06,+3.296482377E+00,-47.738677E-03
+225.000E-06,+3.296482377E+00,-32.295515E-03
+232.500E-06,+3.296482377E+00,-31.985071E-03
+240.000E-06,+3.296482377E+00,-40.989309E-03
+247.500E-06,+3.296482377E+00,-47.738677E-03
+255.000E-06,+3.261116795E+00,-38.897281E-03
+262.500E-06,+3.296482377E+00,-27.801017E-03
+270.000E-06,+3.296482377E+00,-47.738677E-03
+277.500E-06,+3.296482377E+00,-47.738677E-03
+285.000E-06,+3.296482377E+00,-40.663625E-03
+292.500E-06,+3.360799535E+00,-47.738677E-03
+300.000E-06,+3.276550278E+00,-47.738677E-03
+307.500E-06,+3.296482377E+00,-27.638175E-03
+315.000E-06,+3.296482377E+00,-30.529172E-03
+322.500E-06,+3.263661306E+00,-47.738677E-03
+330.000E-06,+3.293286497E+00,-46.939707E-03
+337.500E-06,+3.257269547E+00,-37.441382E-03
+345.000E-06,+3.296482377E+00,-46.445619E-03
+352.500E-06,+3.296482377E+00,-47.738677E-03
+360.000E-06,+3.363344046E+00,-31.023260E-03
+367.500E-06,+3.296482377E+00,-42.119524E-03
+375.000E-06,+3.296482377E+00,-47.738677E-03
+382.500E-06,+3.296482377E+00,-47.738677E-03
+390.000E-06,+3.326758935E+00,-47.738677E-03
+397.500E-06,+3.296482377E+00,-29.073272E-03
+405.000E-06,+3.296482377E+00,-57.399844E-03
+412.500E-06,+3.296482377E+00,-47.738677E-03
+420.000E-06,+3.296482377E+00,-35.985482E-03
+427.500E-06,+3.296482377E+00,-44.989720E-03
+435.000E-06,+3.296482377E+00,-47.738677E-03
+442.500E-06,+3.296482377E+00,-47.738677E-03
+450.000E-06,+3.296482377E+00,-63.675926E-03
+457.500E-06,+3.296482377E+00,-27.638175E-03
+465.000E-06,+3.288197474E+00,-47.738677E-03
+472.500E-06,+3.252180524E+00,-47.738677E-03
+480.000E-06,+3.296399170E+00,-27.638175E-03
+487.500E-06,+3.252014111E+00,-47.738677E-03
+495.000E-06,+3.288031060E+00,-27.638175E-03
+502.500E-06,+3.296482377E+00,-27.638175E-03
+510.000E-06,+3.296482377E+00,-27.638175E-03
+517.500E-06,+3.296482377E+00,-32.437556E-03
+525.000E-06,+3.271294841E+00,-33.935058E-03
+532.500E-06,+3.296482377E+00,-47.738677E-03
+540.000E-06,+3.262926732E+00,-39.349766E-03
+547.500E-06,+3.296482377E+00,-28.253501E-03
+555.000E-06,+3.296482377E+00,-37.257738E-03
+562.500E-06,+3.221987172E+00,-46.261976E-03
+570.000E-06,+3.296482377E+00,-40.211141E-03
+577.500E-06,+3.296482377E+00,-31.206903E-03
+585.000E-06,+3.296482377E+00,-33.073683E-03
+592.500E-06,+3.296482377E+00,-47.738677E-03
+600.000E-06,+3.296482377E+00,-27.638175E-03
+607.500E-06,+3.296482377E+00,-39.985894E-03
+615.000E-06,+3.296482377E+00,-27.638175E-03
+622.500E-06,+3.296482377E+00,-37.893866E-03
+630.000E-06,+3.299844670E+00,-46.898104E-03
+637.500E-06,+3.296482377E+00,-27.638175E-03
+645.000E-06,+3.296482377E+00,-30.570775E-03
+652.500E-06,+3.240366915E+00,-47.738677E-03
+660.000E-06,+3.296482377E+00,-62.814551E-03
+667.500E-06,+3.296482377E+00,-43.759067E-03
+675.000E-06,+3.296482377E+00,-47.738677E-03
+682.500E-06,+3.296482377E+00,-47.738677E-03
+690.000E-06,+3.296482377E+00,-49.421814E-03
+697.500E-06,+3.216080368E+00,-27.842620E-03
+705.000E-06,+3.296482377E+00,-27.638175E-03
+712.500E-06,+3.296482377E+00,-29.934647E-03
+720.000E-06,+3.296482377E+00,-34.345939E-03
+727.500E-06,+3.296482377E+00,-32.026675E-03
+735.000E-06,+3.296482377E+00,-32.253912E-03
+742.500E-06,+3.296482377E+00,-34.118702E-03
+750.000E-06,+3.356694707E+00,-47.738677E-03
+757.500E-06,+3.250370587E+00,-36.210730E-03
+765.000E-06,+3.296482377E+00,-28.069857E-03
+772.500E-06,+3.296482377E+00,-47.738677E-03
+780.000E-06,+3.296482377E+00,-47.738677E-03
+787.500E-06,+3.296482377E+00,-47.738677E-03
+795.000E-06,+3.296482377E+00,-43.986305E-03
+802.500E-06,+3.296482377E+00,-42.486812E-03
+810.000E-06,+3.296482377E+00,-41.894277E-03
+817.500E-06,+3.296482377E+00,-30.798012E-03
+825.000E-06,+3.296482377E+00,-27.638175E-03
+832.500E-06,+3.296482377E+00,-28.705985E-03
+840.000E-06,+3.296482377E+00,-47.738677E-03
+847.500E-06,+3.296482377E+00,-46.714460E-03
+855.000E-06,+3.296482377E+00,-47.738677E-03
+862.500E-06,+3.296482377E+00,-47.738677E-03
+870.000E-06,+3.296482377E+00,-33.526168E-03
+877.500E-06,+3.296482377E+00,-47.738677E-03
+885.000E-06,+3.296482377E+00,-47.738677E-03
+892.500E-06,+3.296482377E+00,-47.738677E-03
+900.000E-06,+3.296482377E+00,-46.034739E-03
+907.500E-06,+3.296482377E+00,-27.638175E-03
+915.000E-06,+3.217632724E+00,-47.738677E-03
+922.500E-06,+3.296482377E+00,-36.254323E-03
+930.000E-06,+3.296482377E+00,-30.118291E-03
+937.500E-06,+3.296482377E+00,-47.738677E-03
+945.000E-06,+3.296482377E+00,-27.638175E-03
+952.500E-06,+3.296482377E+00,-43.306583E-03
+960.000E-06,+3.296482377E+00,-41.074506E-03
+967.500E-06,+3.296482377E+00,-45.398611E-03
+975.000E-06,+3.296482377E+00,-30.226280E-03
+982.500E-06,+3.296482377E+00,-47.490638E-03
+990.000E-06,+3.296482377E+00,-47.738677E-03
+997.500E-06,+3.296482377E+00,-65.995191E-03
+1.005000E-03,+3.244721363E+00,-40.578428E-03
+1.012500E-03,+3.312226440E+00,-47.738677E-03
+1.020000E-03,+3.296482377E+00,-42.670455E-03
+1.027500E-03,+3.296482377E+00,-47.738677E-03
+1.035000E-03,+3.296482377E+00,-30.614369E-03
+1.042500E-03,+3.296482377E+00,-47.738677E-03
+1.050000E-03,+3.296482377E+00,-48.622844E-03
+1.057500E-03,+3.296482377E+00,-47.738677E-03
+1.065000E-03,+3.291650934E+00,-27.638175E-03
+1.072500E-03,+3.296482377E+00,-32.145923E-03
+1.080000E-03,+3.296482377E+00,-44.438789E-03
+1.087500E-03,+3.238897765E+00,-47.738677E-03
+1.095000E-03,+3.296482377E+00,-42.346762E-03
+1.102500E-03,+3.230529656E+00,-31.250497E-03
+1.110000E-03,+3.296482377E+00,-47.738677E-03
+1.117500E-03,+3.290401198E+00,-30.678764E-03
+1.125000E-03,+3.296482377E+00,-28.586737E-03
+1.132500E-03,+3.296482377E+00,-47.738677E-03
+1.140000E-03,+3.249810387E+00,-47.738677E-03
+1.147500E-03,+3.226735408E+00,-45.074917E-03
+1.155000E-03,+3.296482377E+00,-27.638175E-03
+1.162500E-03,+3.235103517E+00,-47.738677E-03
+1.170000E-03,+3.296482377E+00,-47.738677E-03
+1.177500E-03,+3.296482377E+00,-40.890862E-03
+1.185000E-03,+3.296482377E+00,-47.738677E-03
+1.192500E-03,+3.260723008E+00,-38.798835E-03
+1.200000E-03,+3.296482377E+00,-47.738677E-03
+1.207500E-03,+3.252354898E+00,-36.706807E-03
+1.215000E-03,+3.296482377E+00,-29.665807E-03
+1.222500E-03,+3.296482377E+00,-34.614780E-03
+1.230000E-03,+3.296482377E+00,-43.619017E-03
+1.237500E-03,+3.296482377E+00,-27.638175E-03
+1.245000E-03,+3.240927115E+00,-33.849862E-03
+1.252500E-03,+3.296482377E+00,-30.430725E-03
+1.260000E-03,+3.329697234E+00,-35.941889E-03
+1.267500E-03,+3.218882460E+00,-47.738677E-03
+1.275000E-03,+3.296482377E+00,-38.033916E-03
+1.282500E-03,+3.296482377E+00,-27.638175E-03
+1.290000E-03,+3.296482377E+00,-35.250908E-03
+1.297500E-03,+3.296482377E+00,-27.638175E-03
+1.305000E-03,+3.274399554E+00,-42.217971E-03
+1.312500E-03,+3.296482377E+00,-47.738677E-03
+1.320000E-03,+3.229795081E+00,-44.309998E-03
+1.327500E-03,+3.246750713E+00,-47.738677E-03
+1.335000E-03,+3.291135773E+00,-46.402026E-03
+1.342500E-03,+3.296482377E+00,-58.079565E-03
+1.350000E-03,+3.216080368E+00,-46.983301E-03
+1.357500E-03,+3.296482377E+00,-39.489816E-03
+1.365000E-03,+3.296482377E+00,-44.891273E-03
+1.372500E-03,+3.271855042E+00,-33.795008E-03
+1.380000E-03,+3.276724652E+00,-42.799246E-03
+1.387500E-03,+3.296482377E+00,-27.638175E-03
+1.395000E-03,+3.296482377E+00,-27.638175E-03
+1.402500E-03,+3.288591261E+00,-45.765898E-03
+1.410000E-03,+3.296482377E+00,-47.738677E-03
+1.417500E-03,+3.296482377E+00,-47.619428E-03
+1.425000E-03,+3.296482377E+00,-27.638175E-03
+1.432500E-03,+3.296482377E+00,-47.738677E-03
+1.440000E-03,+3.296482377E+00,-47.738677E-03
+1.447500E-03,+3.296482377E+00,-47.738677E-03
+1.455000E-03,+3.296482377E+00,-47.738677E-03
+1.462500E-03,+3.296482377E+00,-41.343346E-03
+1.470000E-03,+3.216080368E+00,-47.738677E-03
+1.477500E-03,+3.296482377E+00,-47.738677E-03
+1.485000E-03,+3.296482377E+00,-47.221797E-03
+1.492500E-03,+3.254164835E+00,-38.217560E-03
